estu_tipodocumento,estu_nacionalidad,estu_genero,estu_fechanacimiento,periodo,estu_consecutivo,estu_estudiante,estu_pais_reside,estu_tieneetnia,estu_etnia,estu_limita_motriz,estu_limita_invidente,estu_limita_condicionespecial,estu_limita_sordo,estu_limita_sdown,estu_limita_autismo,estu_depto_reside,estu_cod_reside_depto,estu_mcpio_reside,estu_cod_reside_mcpio,fami_estratovivienda,fami_personashogar,fami_cuartoshogar,fami_educacionpadre,fami_educacionmadre,fami_trabajolaborpadre,fami_trabajolabormadre,fami_tieneinternet,fami_tieneserviciotv,fami_tienecomputador,fami_tienelavadora,fami_tienehornomicroogas,fami_tieneautomovil,fami_tienemotocicleta,fami_tieneconsolavideojuegos,fami_numlibros,fami_comelechederivados,fami_comecarnepescadohuevo,fami_comecerealfrutoslegumbre,fami_situacioneconomica,estu_dedicacionlecturadiaria,estu_dedicacioninternet,estu_horassemanatrabaja,estu_tiporemuneracion,cole_codigo_icfes,cole_cod_dane_establecimiento,cole_nombre_establecimiento,cole_genero,cole_naturaleza,cole_calendario,cole_bilingue,cole_caracter,cole_cod_dane_sede,cole_nombre_sede,cole_sede_principal,cole_area_ubicacion,cole_jornada,cole_cod_mcpio_ubicacion,cole_mcpio_ubicacion,cole_cod_depto_ubicacion,cole_depto_ubicacion,estu_privado_libertad,estu_cod_mcpio_presentacion,estu_mcpio_presentacion,estu_depto_presentacion,estu_cod_depto_presentacion,punt_lectura_critica,percentil_lectura_critica,desemp_lectura_critica,punt_matematicas,percentil_matematicas,desemp_matematicas,punt_c_naturales,percentil_c_naturales,desemp_c_naturales,punt_sociales_ciudadanas,percentil_sociales_ciudadanas,desemp_sociales_ciudadanas,punt_ingles,percentil_ingles,desemp_ingles,punt_global,percentil_global,estu_inse_individual,estu_nse_individual,estu_estadoinvestigacion,estu_pilopaga
CC,COLOMBIA,F,29/09/1999,20181,SB11201810007354,ESTUDIANTE,COLOMBIA,No,Ninguno,N/A,N/A,N/A,N/A,N/A,N/A,BOGOTA,11,BOGOTÁ D.C.,11001,Estrato 6,3 a 4,Tres,Educación profesional completa,Educación profesional completa,"Trabaja como profesional (por ejemplo médico, abogado, ingeniero)","Trabaja como profesional (por ejemplo médico, abogado, ingeniero)",Si,Si,Si,Si,Si,Si,No,Si,MÁS DE 100 LIBROS,Todos o casi todos los días,Todos o casi todos los días,Todos o casi todos los días,Igual,Entre 1 y 2 horas,Entre 1 y 3 horas,0,No,025130,311848000278,GIMN VERMONT,MIXTO,NO OFICIAL,B,S,ACADÉMICO,311848000278,GIMN VERMONT,S,URBANO,COMPLETA,11001,BOGOTÁ D.C.,11,BOGOTA,N,25899,ZIPAQUIRÁ,CUNDINAMARCA,25,71,86,4,65,67,3,69,81,3,63,65,3,90,99,B+,344,78,76.391075,NSE4,PUBLICAR,NO
TI,COLOMBIA,M,19/03/2001,20181,SB11201810018765,ESTUDIANTE,COLOMBIA,No,Ninguno,N/A,N/A,N/A,N/A,N/A,N/A,VALLE,76,CALI,76001,Estrato 5,1 a 2,Dos,Postgrado,Educación profesional completa,"Trabaja como profesional (por ejemplo médico, abogado, ingeniero)","Trabaja en el hogar, no trabaja o estudia",Si,Si,Si,Si,Si,No,No,No,26 A 100 LIBROS,Todos o casi todos los días,Todos o casi todos los días,Todos o casi todos los días,Igual,Entre 1 y 2 horas,Entre 30 y 60 minutos,0,No,143396,376001043617,COLEGIO PHILADELPHIA INTERNACIONAL,MIXTO,NO OFICIAL,B,S,ACADÉMICO,376001043617,COLEGIO PHILADELPHIA INTERNACIONAL - SEDE PRINCIPAL,S,URBANO,COMPLETA,76001,CALI,76,VALLE,N,76001,CALI,VALLE,76,75,95,4,77,93,4,100,100,4,81,99,4,86,94,B+,417,100,65.54921,NSE4,PUBLICAR,NO
TI,COLOMBIA,M,31/07/2000,20181,SB11201810028523,ESTUDIANTE,COLOMBIA,No,Ninguno,N/A,N/A,N/A,N/A,N/A,N/A,VALLE,76,CALI,76001,Estrato 1,3 a 4,Dos,Secundaria (Bachillerato) completa,Secundaria (Bachillerato) completa,"Trabaja por cuenta propia (por ejemplo plomero, electricista)","Trabaja en el hogar, no trabaja o estudia",Si,Si,Si,Si,No,Si,Si,Si,0 A 10 LIBROS,1 o 2 veces por semana,1 o 2 veces por semana,1 o 2 veces por semana,Igual,No leo por entretenimiento,Entre 30 y 60 minutos,0,No,105676,476233001711,INST TECNOLG EMPRESARIAL COLOMBIANO,MIXTO,NO OFICIAL,A,N,NO APLICA,476233001711,INSTITUTO TECNOLOGICO EMPRESARIAL COLOMBIANO,S,RURAL,SABATINA,76233,DAGUA,76,VALLE,N,76001,CALI,VALLE,76,42,9,2,27,2,1,29,1,1,36,9,1,29,3,A-,166,2,53.659302,NSE3,PUBLICAR,NO
TI,COLOMBIA,F,20/01/2002,20181,SB11201810003574,ESTUDIANTE,COLOMBIA,No,Ninguno,N/A,N/A,N/A,N/A,N/A,N/A,VALLE,76,CALI,76001,Estrato 3,3 a 4,Tres,Postgrado,Postgrado,"Trabaja como profesional (por ejemplo médico, abogado, ingeniero)","Es dueño de un negocio grande, tiene un cargo de nivel directivo o gerencial",Si,Si,Si,Si,Si,Si,No,Si,MÁS DE 100 LIBROS,Todos o casi todos los días,Todos o casi todos los días,Todos o casi todos los días,Mejor,30 minutos o menos,Más de 3 horas,0,No,017376,376001001523,SANTA  MARIA STELLA MARIS,FEMENINO,NO OFICIAL,B,N,ACADÉMICO,376001001523,SANTA  MARIA STELLA MARIS,S,URBANO,COMPLETA,76001,CALI,76,VALLE,N,76001,CALI,VALLE,76,61,54,3,62,60,3,72,89,4,70,82,3,79,78,B+,336,73,80.709663,NSE4,PUBLICAR,NO
TI,COLOMBIA,F,23/10/2001,20181,SB11201810024346,ESTUDIANTE,COLOMBIA,No,Ninguno,N/A,N/A,N/A,N/A,N/A,N/A,VALLE,76,CALI,76001,Estrato 3,3 a 4,Tres,Educación profesional completa,Educación profesional completa,"Trabaja en el hogar, no trabaja o estudia","Trabaja como profesional (por ejemplo médico, abogado, ingeniero)",No,Si,Si,No,Si,Si,No,No,26 A 100 LIBROS,Nunca o rara vez comemos eso,Todos o casi todos los días,3 a 5 veces por semana,Peor,30 minutos o menos,30 minutos o menos,0,No,020024,376001000861,COLEGIO DE SAN LUIS GONZAGA,MIXTO,NO OFICIAL,B,N,ACADÉMICO,376001000861,COLEGIO DE SAN LUIS GONZAGA,S,URBANO,MAÑANA,76001,CALI,76,VALLE,N,76001,CALI,VALLE,76,69,80,4,75,91,4,67,77,3,65,70,3,71,65,B1,346,79,53.908249,NSE3,VALIDEZ OFICINA JURÍDICA,NO
TI,COLOMBIA,M,20/04/2001,20181,SB11201810006862,ESTUDIANTE,COLOMBIA,No,Ninguno,N/A,N/A,N/A,N/A,N/A,N/A,VALLE,76,YUMBO,76892,Estrato 2,1 a 2,Dos,Técnica o tecnológica incompleta,Técnica o tecnológica incompleta,"Tiene un trabajo de tipo auxiliar administrativo (por ejemplo, secretario o asistente)","Tiene un trabajo de tipo auxiliar administrativo (por ejemplo, secretario o asistente)",Si,Si,Si,Si,No,No,No,No,11 A 25 LIBROS,1 o 2 veces por semana,3 a 5 veces por semana,3 a 5 veces por semana,Igual,Entre 30 y 60 minutos,Entre 1 y 3 horas,Entre 11 y 20 horas,"Si, en efectivo",105890,376892000034,COL COMFANDI - YUMBO,MIXTO,NO OFICIAL,B,N,ACADÉMICO,376892000034,COL COMFANDI - YUMBO - SEDE PRINCIPAL,S,URBANO,MAÑANA,76892,YUMBO,76,VALLE,N,76001,CALI,VALLE,76,49,20,2,61,56,3,50,34,2,55,44,2,58,44,A2,270,40,53.526859,NSE3,PUBLICAR,NO
TI,COLOMBIA,F,05/04/2000,20181,SB11201810017023,ESTUDIANTE,COLOMBIA,No,Ninguno,N/A,N/A,N/A,N/A,N/A,N/A,BOGOTA,11,BOGOTÁ D.C.,11001,Estrato 3,3 a 4,Tres,Postgrado,Educación profesional completa,"Trabaja como profesional (por ejemplo médico, abogado, ingeniero)",Es vendedor o trabaja en atención al público,Si,Si,Si,Si,Si,Si,No,Si,26 A 100 LIBROS,Todos o casi todos los días,3 a 5 veces por semana,3 a 5 veces por semana,Igual,30 minutos o menos,Entre 30 y 60 minutos,0,No,034306,311848000324,COL COLOMBO GALES,MIXTO,NO OFICIAL,B,S,ACADÉMICO,311848000324,COL COLOMBO GALES,S,URBANO,COMPLETA,11001,BOGOTÁ D.C.,11,BOGOTA,N,11001,BOGOTÁ D.C.,BOGOTA,11,69,79,4,52,37,3,72,90,4,73,89,4,76,71,B1,336,73,70.43293,NSE4,PUBLICAR,NO
TI,COLOMBIA,M,05/11/2001,20181,SB11201810048390,ESTUDIANTE,COLOMBIA,No,Ninguno,N/A,N/A,N/A,N/A,N/A,N/A,ATLANTICO,8,SOLEDAD,08758,Estrato 2,5 a 6,Dos,Secundaria (Bachillerato) completa,Técnica o tecnológica incompleta,"Es operario de máquinas o conduce vehículos (taxita, chofer)","Tiene un trabajo de tipo auxiliar administrativo (por ejemplo, secretario o asistente)",Si,Si,No,No,No,Si,Si,No,11 A 25 LIBROS,1 o 2 veces por semana,3 a 5 veces por semana,1 o 2 veces por semana,Mejor,30 minutos o menos,Entre 1 y 3 horas,0,No,169755,308758077998,LICEO MIXTO PARA ADULTOS JOSE PRUDENCIO PADILLA,MIXTO,NO OFICIAL,A,N,ACADÉMICO,308758077998,LICEO MIXTO PARA ADULTOS JOSE PRUDENCIO PADILLA,S,URBANO,NOCHE,8758,SOLEDAD,8,ATLANTICO,N,8001,BARRANQUILLA,ATLANTICO,8,35,2,1,49,31,2,45,23,2,41,15,2,46,25,A-,214,16,49.201786,NSE2,PUBLICAR,NO
TI,COLOMBIA,M,03/11/2000,20181,SB11201810010098,ESTUDIANTE,COLOMBIA,No,Ninguno,N/A,N/A,N/A,N/A,N/A,N/A,BOGOTA,11,BOGOTÁ D.C.,11001,Sin Estrato,3 a 4,Tres,Sin respuesta,Sin respuesta,"Trabaja por cuenta propia (por ejemplo plomero, electricista)","Trabaja como profesional (por ejemplo médico, abogado, ingeniero)",Si,Si,Si,Si,Si,Si,Si,Si,-,-,-,-,Igual,-,-,0,No,076281,425214000203,NUEVO GIMNASIO CRISTIANO,MIXTO,NO OFICIAL,B,N,ACADÉMICO,425214000203,NUEVO GIMNASIO CRISTIANO,S,RURAL,COMPLETA,25214,COTA,25,CUNDINAMARCA,N,11001,BOGOTÁ D.C.,BOGOTA,11,73,89,4,53,40,3,61,58,3,78,97,4,83,86,B+,338,74,64.034355,NSE3,PUBLICAR,NO
CC,COLOMBIA,M,23/09/1999,20181,SB11201810012063,ESTUDIANTE,COLOMBIA,No,Ninguno,N/A,N/A,N/A,N/A,N/A,N/A,CUNDINAMARCA,25,CHÍA,25175,Sin Estrato,Sin Respuesta,Sin respuesta,Sin respuesta,Sin respuesta,Sin respuesta,Sin respuesta,Sin respuesta,-,-,-,-,-,-,-,-,-,-,-,-,-,-,-,-,111195,325175032424,CENTRO EDUCATIVO DE ADULTOS CEAM,MIXTO,NO OFICIAL,OTRO,N,ACADÉMICO,325175032424,CENTRO EDUCATIVO DE ADULTOS CEAM - SEDE PRINCIPAL,S,URBANO,NOCHE,25175,CHÍA,25,CUNDINAMARCA,N,25899,ZIPAQUIRÁ,CUNDINAMARCA,25,43,11,2,46,26,2,38,10,1,37,9,1,45,24,A-,207,13,,-,PUBLICAR,NO
CC,COLOMBIA,M,21/08/1999,20181,SB11201810015293,ESTUDIANTE,COLOMBIA,No,Ninguno,N/A,N/A,N/A,N/A,N/A,N/A,ANTIOQUIA,5,ENVIGADO,05266,Estrato 6,5 a 6,Cinco,Educación profesional completa,Educación profesional completa,"Trabaja como profesional (por ejemplo médico, abogado, ingeniero)","Es dueño de un negocio grande, tiene un cargo de nivel directivo o gerencial",Si,Si,Si,Si,Si,Si,Si,Si,MÁS DE 100 LIBROS,Todos o casi todos los días,Todos o casi todos los días,Todos o casi todos los días,Igual,30 minutos o menos,Entre 1 y 3 horas,0,No,000182,305001003688,COLEGIO CRISTOBAL COLON THE COLUMBUS SCHOOL,MIXTO,NO OFICIAL,B,S,ACADÉMICO,305001003688,COLEGIO CRISTOBAL COLON THE COLUMBUS SCHOOL,S,RURAL,COMPLETA,5266,ENVIGADO,5,ANTIOQUIA,N,5001,MEDELLÍN,ANTIOQUIA,5,62,55,3,73,85,4,65,69,3,65,71,3,84,90,B+,338,75,74.64669,NSE4,PUBLICAR,NO
TI,COLOMBIA,M,07/01/2001,20181,SB11201810010142,ESTUDIANTE,COLOMBIA,No,Ninguno,N/A,N/A,N/A,N/A,N/A,N/A,VALLE,76,PALMIRA,76520,Estrato 1,5 a 6,Tres,Primaria incompleta,Primaria incompleta,"Trabaja en el hogar, no trabaja o estudia","Es agricultor, pesquero o jornalero",No,Si,No,No,Si,No,No,No,0 A 10 LIBROS,1 o 2 veces por semana,1 o 2 veces por semana,1 o 2 veces por semana,Igual,Entre 30 y 60 minutos,30 minutos o menos,Menos de 10 horas,"Si, en efectivo",144949,376520006141,CE PARA JOVENES Y ADULTOS PALMIRA,MIXTO,NO OFICIAL,OTRO,-,ACADÉMICO,376520006141,CE PARA JOVENES Y ADULTOS PALMIRA - SEDE PRINCIPAL,S,URBANO,SABATINA,76520,PALMIRA,76,VALLE,N,76520,PALMIRA,VALLE,76,52,27,3,43,20,2,46,25,2,38,12,1,51,33,A1,226,21,37.021225,NSE1,PUBLICAR,NO
TI,COLOMBIA,M,11/05/2001,20181,SB11201810044942,ESTUDIANTE,COLOMBIA,No,Ninguno,N/A,N/A,N/A,N/A,N/A,N/A,VALLE,76,CALI,76001,Estrato 2,3 a 4,Tres,Secundaria (Bachillerato) completa,Secundaria (Bachillerato) completa,"Es dueño de un negocio pequeño (tiene pocos empleados o no tiene, por ejemplo tienda, papelería, etc","Trabaja en el hogar, no trabaja o estudia",Si,Si,Si,Si,Si,Si,Si,Si,0 A 10 LIBROS,3 a 5 veces por semana,3 a 5 veces por semana,3 a 5 veces por semana,Igual,Más de 2 horas,Entre 1 y 3 horas,0,No,628131,376001000543,COLEGIO SAN FRANCISCO DE ASIS,MIXTO,NO OFICIAL,B,N,TÉCNICO/ACADÉMICO,376001000543,COLEGIO SAN FRANCISCO DE ASIS,S,URBANO,COMPLETA,76001,CALI,76,VALLE,N,76001,CALI,VALLE,76,63,58,3,65,67,3,57,48,3,66,72,3,54,37,A1,310,59,57.762897,NSE3,PUBLICAR,NO
TI,COLOMBIA,F,10/03/2001,20181,SB11201810024505,ESTUDIANTE,COLOMBIA,No,Ninguno,N/A,N/A,N/A,N/A,N/A,N/A,VALLE,76,CALI,76001,Estrato 3,5 a 6,Tres,Secundaria (Bachillerato) incompleta,Secundaria (Bachillerato) incompleta,"Es operario de máquinas o conduce vehículos (taxita, chofer)",Sin respuesta,Si,Si,Si,Si,Si,Si,No,Si,11 A 25 LIBROS,Todos o casi todos los días,Todos o casi todos los días,1 o 2 veces por semana,Mejor,30 minutos o menos,Entre 1 y 3 horas,0,No,053082,376001000586,COLEGIO SAN PEDRO CLAVER,MIXTO,NO OFICIAL,B,N,TÉCNICO,376001000586,COLEGIO SAN PEDRO CLAVER,S,URBANO,COMPLETA,76001,CALI,76,VALLE,N,76001,CALI,VALLE,76,59,46,3,53,39,3,49,32,2,50,34,2,53,36,A1,264,37,57.721668,NSE3,PUBLICAR,NO
TI,COLOMBIA,M,04/02/2000,20181,SB11201810001574,ESTUDIANTE,COLOMBIA,No,Ninguno,N/A,N/A,N/A,N/A,N/A,N/A,BOGOTA,11,BOGOTÁ D.C.,11001,Estrato 5,3 a 4,Tres,Postgrado,Postgrado,"Es dueño de un negocio grande, tiene un cargo de nivel directivo o gerencial","Es dueño de un negocio grande, tiene un cargo de nivel directivo o gerencial",Si,Si,Si,Si,Si,Si,No,Si,MÁS DE 100 LIBROS,Todos o casi todos los días,Todos o casi todos los días,Todos o casi todos los días,Igual,No leo por entretenimiento,Más de 3 horas,0,No,019505,311848000693,COLEGIO DE INGLATERRA (THE ENGLISH SCHOOL),MIXTO,NO OFICIAL,B,S,ACADÉMICO,311848000693,COLEGIO DE INGLATERRA (THE ENGLISH SCHOOL) - SEDE PRINCIPAL,S,URBANO,COMPLETA,11001,BOGOTÁ D.C.,11,BOGOTA,N,11001,BOGOTÁ D.C.,BOGOTA,11,71,85,4,68,73,3,75,94,4,74,92,4,83,86,B+,364,89,76.867691,NSE4,PUBLICAR,NO
TI,COLOMBIA,M,25/05/2002,20181,SB11201810004134,ESTUDIANTE,COLOMBIA,No,Ninguno,N/A,N/A,N/A,N/A,N/A,N/A,ATLANTICO,8,BARRANQUILLA,08001,Estrato 3,Sin Respuesta,Sin respuesta,Educación profesional completa,Educación profesional completa,Sin respuesta,Sin respuesta,Si,Si,-,-,-,-,-,-,26 A 100 LIBROS,Todos o casi todos los días,Todos o casi todos los días,3 a 5 veces por semana,-,Entre 30 y 60 minutos,Entre 30 y 60 minutos,-,-,070441,308001012813,CORPORACION EDUCATIVA COLEGIO ITALIANO GALILEO GALILEI,MIXTO,NO OFICIAL,B,S,ACADÉMICO,308001012813,CORPORACION EDUCATIVA COLEGIO ITALIANO GALILEO GALILEI - SEDE PRINCIPAL,S,URBANO,COMPLETA,8001,BARRANQUILLA,8,ATLANTICO,N,8001,BARRANQUILLA,ATLANTICO,8,55,36,3,63,63,3,63,64,3,50,34,2,63,51,A2,291,49,,-,PUBLICAR,NO
CC,COLOMBIA,M,03/11/1999,20181,SB11201810003921,ESTUDIANTE,COLOMBIA,No,Ninguno,N/A,N/A,N/A,N/A,N/A,N/A,BOGOTA,11,BOGOTÁ D.C.,11001,Estrato 4,3 a 4,Tres,Educación profesional completa,Educación profesional completa,"Es dueño de un negocio pequeño (tiene pocos empleados o no tiene, por ejemplo tienda, papelería, etc","Es operario de máquinas o conduce vehículos (taxita, chofer)",Si,Si,Si,Si,Si,Si,No,Si,11 A 25 LIBROS,Todos o casi todos los días,Todos o casi todos los días,3 a 5 veces por semana,Mejor,No leo por entretenimiento,Entre 1 y 3 horas,0,No,019331,311769001781,COL ABRAHAM LINCOLN,MIXTO,NO OFICIAL,B,S,ACADÉMICO,311769001781,COL ABRAHAM LINCOLN,S,URBANO,COMPLETA,11001,BOGOTÁ D.C.,11,BOGOTA,N,11001,BOGOTÁ D.C.,BOGOTA,11,70,82,4,78,95,4,72,90,4,68,78,3,82,85,B+,364,89,66.161552,NSE4,PUBLICAR,NO
TI,COLOMBIA,F,10/03/2001,20181,SB11201810001092,ESTUDIANTE,COLOMBIA,No,Ninguno,N/A,N/A,N/A,N/A,N/A,N/A,VALLE,76,EL CERRITO,76248,Estrato 1,3 a 4,Dos,Técnica o tecnológica completa,Técnica o tecnológica completa,"Trabaja por cuenta propia (por ejemplo plomero, electricista)","Es dueño de un negocio pequeño (tiene pocos empleados o no tiene, por ejemplo tienda, papelería, etc",Si,Si,Si,Si,No,Si,No,No,11 A 25 LIBROS,Nunca o rara vez comemos eso,1 o 2 veces por semana,1 o 2 veces por semana,Igual,30 minutos o menos,Entre 1 y 3 horas,0,No,043356,476248000478,INST TEC CIAL E INDUSTRIAL PROVIDENCIA,MIXTO,NO OFICIAL,B,N,TÉCNICO/ACADÉMICO,476248000478,INST TEC COMERCIAL E INDUSTRIAL PROVIDENCIA,S,RURAL,COMPLETA,76248,EL CERRITO,76,VALLE,N,76520,PALMIRA,VALLE,76,53,29,3,55,44,3,54,42,2,40,14,1,66,57,A2,258,35,55.438522,NSE3,PUBLICAR,NO
TI,COLOMBIA,M,11/02/2001,20181,SB11201810029677,ESTUDIANTE,COLOMBIA,No,Ninguno,N/A,N/A,N/A,N/A,N/A,N/A,BOGOTA,11,BOGOTÁ D.C.,11001,Sin Estrato,Sin Respuesta,Sin respuesta,Sin respuesta,Sin respuesta,Sin respuesta,Sin respuesta,Sin respuesta,-,-,-,-,-,-,-,-,-,-,-,-,-,-,-,-,660779,311001110581,INSTITUTO EL ROBLE,MIXTO,NO OFICIAL,OTRO,-,-,311001110581,INSTITUTO EL ROBLE - SEDE PRINCIPAL,S,URBANO,NOCHE,11001,BOGOTÁ D.C.,11,BOGOTA,N,11001,BOGOTÁ D.C.,BOGOTA,11,64,63,3,55,45,3,55,44,2,55,45,2,74,68,B1,293,50,,-,PUBLICAR,NO
TI,COLOMBIA,F,04/10/2000,20181,SB11201810018879,ESTUDIANTE,COLOMBIA,No,Ninguno,N/A,N/A,N/A,N/A,N/A,N/A,RISARALDA,66,PEREIRA,66001,Sin Estrato,1 a 2,Dos,Sin respuesta,Sin respuesta,"Trabaja como profesional (por ejemplo médico, abogado, ingeniero)","Es operario de máquinas o conduce vehículos (taxita, chofer)",Sin respuesta,-,Si,Si,No,Si,No,No,-,-,-,-,Igual,-,-,Menos de 10 horas,No,155036,366001006686,LIC TALLER SAN MIGUEL,MIXTO,NO OFICIAL,B,S,ACADÉMICO,366001006686,LIC TALLER SAN MIGUEL,S,RURAL,COMPLETA,66001,PEREIRA,66,RISARALDA,N,66001,PEREIRA,RISARALDA,66,68,76,4,62,60,3,60,55,3,78,97,4,81,81,B+,340,76,57.354362,NSE3,PUBLICAR,NO
TI,COLOMBIA,F,11/09/2000,20181,SB11201810013176,ESTUDIANTE,COLOMBIA,No,Ninguno,N/A,N/A,N/A,N/A,N/A,N/A,BOGOTA,11,BOGOTÁ D.C.,11001,Estrato 4,3 a 4,Tres,Educación profesional completa,Postgrado,No aplica,"Trabaja como profesional (por ejemplo médico, abogado, ingeniero)",Si,Si,Si,Si,Si,No,No,No,MÁS DE 100 LIBROS,Todos o casi todos los días,Todos o casi todos los días,Todos o casi todos los días,Mejor,30 minutos o menos,Más de 3 horas,0,No,021485,311001002347,COL JOSE MAX LEON,MIXTO,NO OFICIAL,B,N,ACADÉMICO,311001002347,COL JOSE MAX LEON,S,RURAL,COMPLETA,25214,COTA,25,CUNDINAMARCA,N,11001,BOGOTÁ D.C.,BOGOTA,11,75,94,4,66,69,3,77,98,4,77,96,4,83,87,B+,372,92,68.871559,NSE4,PUBLICAR,NO
TI,COLOMBIA,F,10/10/2000,20181,SB11201810015719,ESTUDIANTE,COLOMBIA,No,Ninguno,N/A,N/A,N/A,N/A,N/A,N/A,CAUCA,19,POPAYÁN,19001,Estrato 4,3 a 4,Tres,Educación profesional completa,Educación profesional completa,"Trabaja como profesional (por ejemplo médico, abogado, ingeniero)","Trabaja en el hogar, no trabaja o estudia",Si,Si,Si,Si,Si,Si,No,Si,MÁS DE 100 LIBROS,Todos o casi todos los días,1 o 2 veces por semana,3 a 5 veces por semana,Mejor,Más de 2 horas,Entre 30 y 60 minutos,0,No,079095,319001002151,COL GUILLERMO LEON VALENCIA,MIXTO,NO OFICIAL,B,N,ACADÉMICO,319001002151,COL GUILLERMO LEON VALENCIA,S,URBANO,MAÑANA,19001,POPAYÁN,19,CAUCA,N,19001,POPAYÁN,CAUCA,19,61,52,3,60,55,3,55,45,2,57,50,3,60,48,A2,292,50,69.099678,NSE4,PUBLICAR,NO
TI,COLOMBIA,F,26/05/2000,20181,SB11201810012026,ESTUDIANTE,COLOMBIA,No,Ninguno,N/A,N/A,N/A,N/A,N/A,N/A,VALLE,76,CALI,76001,Estrato 6,3 a 4,Dos,Educación profesional completa,Secundaria (Bachillerato) completa,"Es dueño de un negocio pequeño (tiene pocos empleados o no tiene, por ejemplo tienda, papelería, etc","Es dueño de un negocio pequeño (tiene pocos empleados o no tiene, por ejemplo tienda, papelería, etc",Si,Si,Si,Si,Si,Si,No,No,26 A 100 LIBROS,Todos o casi todos los días,3 a 5 veces por semana,1 o 2 veces por semana,Mejor,30 minutos o menos,Entre 1 y 3 horas,0,No,177766,376001043901,COLEGIO NUEVO CAMBRIDGE,MIXTO,NO OFICIAL,B,-,ACADÉMICO,376001043901,COLEGIO NUEVO CAMBRIDGE - SEDE PRINCIPAL,S,URBANO,COMPLETA,76001,CALI,76,VALLE,N,76001,CALI,VALLE,76,71,84,4,72,84,4,68,80,3,68,77,3,80,80,B+,353,83,61.205055,NSE3,PUBLICAR,NO
TI,COLOMBIA,M,06/01/2002,20181,SB11201810002638,ESTUDIANTE,COLOMBIA,No,Ninguno,N/A,N/A,N/A,N/A,N/A,N/A,VALLE,76,GUACARÍ,76318,Estrato 4,5 a 6,Tres,Postgrado,Postgrado,"Trabaja como profesional (por ejemplo médico, abogado, ingeniero)","Trabaja como profesional (por ejemplo médico, abogado, ingeniero)",Si,Si,Si,Si,Si,Si,No,Si,MÁS DE 100 LIBROS,Todos o casi todos los días,3 a 5 veces por semana,3 a 5 veces por semana,Igual,30 minutos o menos,Entre 30 y 60 minutos,0,No,018184,376111000280,LICEO DE LOS ANDES,MIXTO,NO OFICIAL,B,N,ACADÉMICO,376111000280,LIC DE LOS ANDES,S,URBANO,MAÑANA,76111,GUADALAJARA DE BUGA,76,VALLE,N,76111,GUADALAJARA DE BUGA,VALLE,76,63,61,3,73,87,4,69,80,3,52,38,2,57,43,A1,318,63,78.52179,NSE4,PUBLICAR,NO
TI,COLOMBIA,F,10/09/2000,20181,SB11201810017929,ESTUDIANTE,COLOMBIA,No,Ninguno,N/A,N/A,N/A,N/A,N/A,N/A,VALLE,76,CALI,76001,Estrato 3,9 o más,Seis o mas,Secundaria (Bachillerato) completa,Secundaria (Bachillerato) incompleta,Pensionado,"Trabaja en el hogar, no trabaja o estudia",Si,Si,Si,Si,Si,Si,Si,Si,11 A 25 LIBROS,3 a 5 veces por semana,Todos o casi todos los días,Todos o casi todos los días,Igual,30 minutos o menos,Entre 1 y 3 horas,0,No,191171,376001008501,COLEGIO TECNICO NUEVO SALOMIA,MIXTO,NO OFICIAL,B,-,TÉCNICO/ACADÉMICO,376001008501,COLEGIO TECNICO NUEVO SALOMIA,S,URBANO,COMPLETA,76001,CALI,76,VALLE,N,76001,CALI,VALLE,76,50,22,2,41,18,2,41,15,2,53,40,2,44,20,A-,230,22,59.661339,NSE3,PUBLICAR,NO
TI,COLOMBIA,M,23/03/2001,20181,SB11201810014897,ESTUDIANTE,COLOMBIA,No,Ninguno,N/A,N/A,N/A,N/A,N/A,N/A,VALLE,76,CALI,76001,Estrato 2,5 a 6,Tres,Secundaria (Bachillerato) completa,Técnica o tecnológica completa,"Trabaja por cuenta propia (por ejemplo plomero, electricista)","Trabaja en el hogar, no trabaja o estudia",Si,Si,Si,Si,No,Si,Si,Si,11 A 25 LIBROS,1 o 2 veces por semana,3 a 5 veces por semana,1 o 2 veces por semana,Igual,30 minutos o menos,Entre 30 y 60 minutos,0,No,055616,376001010611,INST. TEC. CIAL GENERAL SANTANDER,MIXTO,NO OFICIAL,B,N,TÉCNICO,376001010611,INST. TEC. CIAL GENERAL SANTANDER,S,URBANO,MAÑANA,76001,CALI,76,VALLE,N,76001,CALI,VALLE,76,48,18,2,43,20,2,51,35,2,49,31,2,39,12,A-,235,25,55.731239,NSE3,PUBLICAR,NO
TI,ESTADOS UNIDOS,M,23/07/2001,20181,SB11201810000866,ESTUDIANTE,ESTADOS UNIDOS,No,Ninguno,N/A,N/A,N/A,N/A,N/A,N/A,CAUCA,19,POPAYÁN,19001,Estrato 5,3 a 4,Tres,Educación profesional completa,Educación profesional completa,"Trabaja como profesional (por ejemplo médico, abogado, ingeniero)","Trabaja como profesional (por ejemplo médico, abogado, ingeniero)",Si,Si,Si,Si,Si,Si,No,Si,11 A 25 LIBROS,1 o 2 veces por semana,Todos o casi todos los días,3 a 5 veces por semana,Igual,Entre 30 y 60 minutos,Entre 1 y 3 horas,0,No,100354,319001003280,COL CAMPESTRE AMERICANO,MIXTO,NO OFICIAL,B,N,ACADÉMICO,319001003280,COL CAMPESTRE AMERICANO - SEDE PRINCIPAL,S,URBANO,COMPLETA,19001,POPAYÁN,19,CAUCA,N,19001,POPAYÁN,CAUCA,19,56,39,3,69,77,3,62,62,3,56,48,3,70,62,B1,307,58,69.540886,NSE4,PUBLICAR,NO
TI,COLOMBIA,M,14/10/2000,20181,SB11201810001489,ESTUDIANTE,COLOMBIA,No,Ninguno,N/A,N/A,N/A,N/A,N/A,N/A,CAUCA,19,POPAYÁN,19001,Sin Estrato,3 a 4,Cuatro,Sin respuesta,Sin respuesta,"Trabaja en el hogar, no trabaja o estudia","Tiene un trabajo de tipo auxiliar administrativo (por ejemplo, secretario o asistente)",Sin respuesta,-,Si,No,No,No,No,No,-,-,-,-,Igual,-,-,0,No,093740,319001004475,COL. LOS ALCAZARES,MIXTO,NO OFICIAL,OTRO,N,NO APLICA,319001004475,COL. LOS ALCAZARES,S,URBANO,MAÑANA,19001,POPAYÁN,19,CAUCA,N,19001,POPAYÁN,CAUCA,19,64,62,3,57,48,3,54,43,2,73,90,4,47,27,A-,304,56,46.989212,NSE2,PUBLICAR,NO
CC,COLOMBIA,M,10/08/1999,20181,SB11201810028131,ESTUDIANTE,COLOMBIA,No,Ninguno,N/A,N/A,N/A,N/A,N/A,N/A,ANTIOQUIA,5,MEDELLÍN,05001,Estrato 2,3 a 4,Tres,Técnica o tecnológica completa,Secundaria (Bachillerato) completa,"Trabaja por cuenta propia (por ejemplo plomero, electricista)","Trabaja en el hogar, no trabaja o estudia",Si,Si,Si,No,No,No,No,Si,0 A 10 LIBROS,3 a 5 veces por semana,Todos o casi todos los días,1 o 2 veces por semana,Mejor,No leo por entretenimiento,Más de 3 horas,0,No,662114,305001017361,CENT DE DESARROLLO INTEGRADO - CENDI,MIXTO,NO OFICIAL,OTRO,N,ACADÉMICO,305001017361,CENT DE DESARROLLO INTEGRADO - CENDI,S,URBANO,SABATINA,5001,MEDELLÍN,5,ANTIOQUIA,N,5001,MEDELLÍN,ANTIOQUIA,5,61,52,3,60,55,3,57,49,3,57,50,3,46,24,A-,289,49,52.35331,NSE3,PUBLICAR,NO
TI,COLOMBIA,F,20/12/2000,20181,SB11201810027349,ESTUDIANTE,COLOMBIA,No,Ninguno,N/A,N/A,N/A,N/A,N/A,N/A,VALLE,76,GUADALAJARA DE BUGA,76111,Estrato 2,Sin Respuesta,Tres,Educación profesional completa,Secundaria (Bachillerato) completa,No aplica,"Trabaja en el hogar, no trabaja o estudia",Si,Si,Si,Si,Si,No,Si,No,26 A 100 LIBROS,3 a 5 veces por semana,1 o 2 veces por semana,Todos o casi todos los días,Igual,30 minutos o menos,Más de 3 horas,0,No,100701,376111001146,COL SANTA TERESITA,MIXTO,NO OFICIAL,B,N,TÉCNICO,376111001146,COL SANTA TERESITA,S,URBANO,MAÑANA,76111,GUADALAJARA DE BUGA,76,VALLE,N,76111,GUADALAJARA DE BUGA,VALLE,76,62,57,3,51,37,3,55,44,2,53,40,2,50,31,A1,274,42,56.251736,NSE3,PUBLICAR,NO
CR,COLOMBIA,F,06/11/1999,20181,SB11201810065159,ESTUDIANTE,COLOMBIA,No,Ninguno,N/A,N/A,N/A,N/A,N/A,N/A,BOGOTA,11,BOGOTÁ D.C.,11001,Sin Estrato,Sin Respuesta,Sin respuesta,Sin respuesta,Sin respuesta,Sin respuesta,Sin respuesta,Sin respuesta,-,-,-,-,-,-,-,-,-,-,-,-,-,-,-,-,142851,311001107513,COLEGIO VICTORIA,MIXTO,NO OFICIAL,B,S,ACADÉMICO,311001107513,COLEGIO VICTORIA - SEDE PRINCIPAL,S,URBANO,COMPLETA,11001,BOGOTÁ D.C.,11,BOGOTA,N,11001,BOGOTÁ D.C.,BOGOTA,11,66,67,4,50,34,2,53,41,2,59,55,3,77,73,B1,293,50,,-,PRESENTE CON LECTURA TARDIA,NO
CC,COLOMBIA,F,02/01/1991,20181,SB11201810023507,ESTUDIANTE,COLOMBIA,No,Ninguno,N/A,N/A,N/A,N/A,N/A,N/A,ANTIOQUIA,5,MEDELLÍN,05001,Estrato 4,1 a 2,Dos,Secundaria (Bachillerato) completa,Secundaria (Bachillerato) completa,"Es operario de máquinas o conduce vehículos (taxita, chofer)","Trabaja en el hogar, no trabaja o estudia",Si,Si,Si,No,Si,No,No,No,11 A 25 LIBROS,3 a 5 veces por semana,Todos o casi todos los días,1 o 2 veces por semana,Igual,30 minutos o menos,Más de 3 horas,0,No,095869,305001022682,STUDIO SISTEMAS AGENCIA CRISTIANA DE SERVICIO Y EDUCACION,MIXTO,NO OFICIAL,OTRO,N,ACADÉMICO,305001022682,STUDIO SISTEMAS AGENCIA CRISTIANA DE SERVICIO Y EDUCACION,S,URBANO,MAÑANA,5001,MEDELLÍN,5,ANTIOQUIA,N,5001,MEDELLÍN,ANTIOQUIA,5,54,33,3,40,16,2,49,32,2,56,47,3,45,22,A-,247,30,52.007458,NSE3,PUBLICAR,NO
CC,COLOMBIA,M,30/06/1999,20181,SB11201810013212,ESTUDIANTE,COLOMBIA,No,Ninguno,N/A,N/A,N/A,N/A,N/A,N/A,BOLIVAR,13,CARTAGENA DE INDIAS,13001,Estrato 6,5 a 6,Tres,Postgrado,Postgrado,"Trabaja como profesional (por ejemplo médico, abogado, ingeniero)","Trabaja en el hogar, no trabaja o estudia",Si,Si,Si,Si,Si,Si,No,Si,26 A 100 LIBROS,Todos o casi todos los días,Todos o casi todos los días,3 a 5 veces por semana,Mejor,30 minutos o menos,Más de 3 horas,0,No,004234,313001003931,COLEGIO JORGE WASHINGTON,MIXTO,NO OFICIAL,B,S,ACADÉMICO,313001003931,COLEGIO JORGE WASHINGTON - SEDE PRINCIPAL,S,URBANO,COMPLETA,13001,CARTAGENA DE INDIAS,13,BOLIVAR,N,13001,CARTAGENA DE INDIAS,BOLIVAR,13,73,90,4,70,79,3,69,83,3,66,72,3,86,94,B+,354,83,74.968201,NSE4,PUBLICAR,NO
TI,COLOMBIA,F,27/05/2001,20181,SB11201810003913,ESTUDIANTE,COLOMBIA,No,Ninguno,N/A,N/A,N/A,N/A,N/A,N/A,VALLE,76,CALI,76001,Estrato 4,3 a 4,Tres,Educación profesional completa,Técnica o tecnológica completa,"Trabaja como profesional (por ejemplo médico, abogado, ingeniero)","Tiene un trabajo de tipo auxiliar administrativo (por ejemplo, secretario o asistente)",Si,-,Si,Si,Si,Si,Si,No,26 A 100 LIBROS,1 o 2 veces por semana,Todos o casi todos los días,1 o 2 veces por semana,Igual,Entre 1 y 2 horas,Más de 3 horas,0,No,124032,376001029321,LIC ANGLO DEL VALLE,MIXTO,NO OFICIAL,B,-,TÉCNICO,376001029321,LIC ANGLO DEL VALLE,S,URBANO,MAÑANA,76001,CALI,76,VALLE,N,76001,CALI,VALLE,76,62,57,3,55,43,3,59,53,3,66,72,3,74,69,B1,308,58,63.443253,NSE3,PUBLICAR,NO
TI,COLOMBIA,F,14/04/2001,20181,SB11201810024967,ESTUDIANTE,COLOMBIA,No,Ninguno,N/A,N/A,N/A,N/A,N/A,N/A,VALLE,76,CALI,76001,Estrato 3,3 a 4,Tres,Educación profesional completa,Educación profesional completa,"Es dueño de un negocio pequeño (tiene pocos empleados o no tiene, por ejemplo tienda, papelería, etc","Es dueño de un negocio grande, tiene un cargo de nivel directivo o gerencial",Si,Si,Si,Si,Si,Si,No,No,0 A 10 LIBROS,Nunca o rara vez comemos eso,1 o 2 veces por semana,1 o 2 veces por semana,Igual,30 minutos o menos,Entre 1 y 3 horas,Menos de 10 horas,"Si, en efectivo",053082,376001000586,COLEGIO SAN PEDRO CLAVER,MIXTO,NO OFICIAL,B,N,TÉCNICO,376001000586,COLEGIO SAN PEDRO CLAVER,S,URBANO,COMPLETA,76001,CALI,76,VALLE,N,76001,CALI,VALLE,76,52,26,3,44,22,2,49,30,2,48,29,2,46,24,A-,240,27,58.207417,NSE3,PUBLICAR,NO
CC,COLOMBIA,M,26/06/2000,20181,SB11201810048329,ESTUDIANTE,COLOMBIA,No,Ninguno,N/A,N/A,N/A,N/A,N/A,N/A,VALLE,76,CALI,76001,Estrato 2,3 a 4,Tres,Educación profesional completa,Secundaria (Bachillerato) completa,No aplica,"Trabaja en el hogar, no trabaja o estudia",Si,Si,Si,Si,No,No,Si,No,26 A 100 LIBROS,3 a 5 veces por semana,Todos o casi todos los días,1 o 2 veces por semana,Igual,30 minutos o menos,Entre 30 y 60 minutos,0,No,119768,376001041509,COL LOS ANDES N 2,MIXTO,NO OFICIAL,B,N,ACADÉMICO,376001041509,COLEGIO LOS ANDES N 2,S,URBANO,MAÑANA,76001,CALI,76,VALLE,N,76001,CALI,VALLE,76,59,46,3,61,57,3,66,72,3,69,81,3,45,24,A-,312,60,55.11351,NSE3,PUBLICAR,NO
TI,COLOMBIA,M,02/03/2000,20181,SB11201810013220,ESTUDIANTE,COLOMBIA,No,Ninguno,N/A,N/A,N/A,N/A,N/A,N/A,VALLE,76,GUADALAJARA DE BUGA,76111,Estrato 4,3 a 4,Dos,Educación profesional completa,Educación profesional completa,"Trabaja por cuenta propia (por ejemplo plomero, electricista)","Tiene un trabajo de tipo auxiliar administrativo (por ejemplo, secretario o asistente)",Si,Si,Si,Si,Si,Si,No,Si,0 A 10 LIBROS,3 a 5 veces por semana,Todos o casi todos los días,3 a 5 veces por semana,Igual,30 minutos o menos,Entre 30 y 60 minutos,0,No,018135,376111000921,COL SANTA MARIANA DE JESÚS,MIXTO,NO OFICIAL,B,N,ACADÉMICO,376111000921,COL SANTA MARIANA DE JESÚS,S,URBANO,MAÑANA,76111,GUADALAJARA DE BUGA,76,VALLE,N,76111,GUADALAJARA DE BUGA,VALLE,76,69,78,4,55,44,3,53,40,2,65,69,3,68,60,B1,305,57,63.353699,NSE3,PUBLICAR,NO
TI,COLOMBIA,F,13/07/2001,20181,SB11201810006143,ESTUDIANTE,COLOMBIA,No,Ninguno,N/A,N/A,N/A,N/A,N/A,N/A,VALLE,76,CALI,76001,Sin Estrato,9 o más,Cinco,Sin respuesta,Sin respuesta,Sin respuesta,Sin respuesta,Sin respuesta,-,Si,Si,No,No,No,No,-,-,-,-,Mejor,-,-,0,No,095786,376001013203,FUND. ED. PABLO VI COLEGIO PARR. NTRA. SEÑORA DE GUADALUPE,MIXTO,NO OFICIAL,B,N,TÉCNICO,376001013203,FUND COL  NUESTRA SRA DE GUADALUPE,S,URBANO,MAÑANA,76001,CALI,76,VALLE,N,76001,CALI,VALLE,76,48,19,2,46,27,2,44,21,2,39,13,1,39,13,A-,219,18,,-,PUBLICAR,NO
TI,COLOMBIA,F,10/02/2001,20181,SB11201810043614,ESTUDIANTE,COLOMBIA,No,Ninguno,N/A,N/A,N/A,N/A,N/A,N/A,CAQUETA,18,EL PAUJÍL,18256,Estrato 2,3 a 4,Tres,Primaria incompleta,Primaria completa,"Es operario de máquinas o conduce vehículos (taxita, chofer)","Trabaja en el hogar, no trabaja o estudia",No,No,Si,Si,No,No,Si,No,11 A 25 LIBROS,1 o 2 veces por semana,3 a 5 veces por semana,3 a 5 veces por semana,Mejor,30 minutos o menos,Entre 30 y 60 minutos,0,No,190892,183256000633,I.E NUESTRA SE¿ORA DE LAS MERCEDES,MIXTO,OFICIAL,A,N,ACADÉMICO,183256000633,NUESTRA SEÑORA DE LAS MERCEDES,S,URBANO,SABATINA,18256,EL PAUJÍL,18,CAQUETA,N,18247,EL DONCELLO,CAQUETA,18,41,8,2,34,8,1,36,7,1,40,15,1,28,2,A-,185,6,45.17543,NSE2,PUBLICAR,NO
CC,COLOMBIA,M,03/10/1981,20181,SB11201810037462,ESTUDIANTE,COLOMBIA,No,Ninguno,N/A,N/A,N/A,N/A,N/A,N/A,BOGOTA,11,BOGOTÁ D.C.,11001,Estrato 2,7 a 8,Cuatro,Primaria completa,Primaria completa,Es vendedor o trabaja en atención al público,"Trabaja en el hogar, no trabaja o estudia",Si,Si,No,Si,No,No,Si,Si,11 A 25 LIBROS,3 a 5 veces por semana,3 a 5 veces por semana,1 o 2 veces por semana,Igual,Entre 30 y 60 minutos,30 minutos o menos,Más de 30 horas,"Si, en efectivo",658369,311001110573,COLEGIO SUPERIOR DE PALERMO,MIXTO,NO OFICIAL,A,-,-,311001110573,COLEGIO SUPERIOR DE PALERMO - SEDE PRINCIPAL,S,URBANO,SABATINA,11001,BOGOTÁ D.C.,11,BOGOTA,N,11001,BOGOTÁ D.C.,BOGOTA,11,53,29,3,46,26,2,48,29,2,49,31,2,41,15,A-,242,28,48.042889,NSE2,PUBLICAR,NO
CC,COLOMBIA,M,12/06/1999,20181,SB11201810001862,ESTUDIANTE,COLOMBIA,No,Ninguno,N/A,N/A,N/A,N/A,N/A,N/A,BOGOTA,11,BOGOTÁ D.C.,11001,Estrato 6,3 a 4,Tres,Educación profesional completa,Educación profesional completa,"Trabaja como profesional (por ejemplo médico, abogado, ingeniero)","Trabaja como profesional (por ejemplo médico, abogado, ingeniero)",Si,Si,Si,Si,Si,Si,No,Si,MÁS DE 100 LIBROS,3 a 5 veces por semana,1 o 2 veces por semana,Todos o casi todos los días,Igual,No leo por entretenimiento,Entre 30 y 60 minutos,0,No,019505,311848000693,COLEGIO DE INGLATERRA (THE ENGLISH SCHOOL),MIXTO,NO OFICIAL,B,S,ACADÉMICO,311848000693,COLEGIO DE INGLATERRA (THE ENGLISH SCHOOL) - SEDE PRINCIPAL,S,URBANO,COMPLETA,11001,BOGOTÁ D.C.,11,BOGOTA,N,11001,BOGOTÁ D.C.,BOGOTA,11,65,66,3,62,60,3,58,51,3,63,67,3,78,76,B1,316,62,71.38604,NSE4,PUBLICAR,NO
CC,COLOMBIA,M,02/07/1988,20181,SB11201810037452,ESTUDIANTE,COLOMBIA,No,Ninguno,N/A,N/A,N/A,N/A,N/A,N/A,NORTE SANTANDER,54,LOS PATIOS,54405,Estrato 2,3 a 4,Dos,Secundaria (Bachillerato) incompleta,Secundaria (Bachillerato) incompleta,"Es operario de máquinas o conduce vehículos (taxita, chofer)","Es dueño de un negocio pequeño (tiene pocos empleados o no tiene, por ejemplo tienda, papelería, etc",No,Si,Si,Si,No,No,Si,No,0 A 10 LIBROS,3 a 5 veces por semana,3 a 5 veces por semana,1 o 2 veces por semana,Igual,Entre 30 y 60 minutos,Entre 1 y 3 horas,Más de 30 horas,"Si, en efectivo",127928,454001011597,INST PEDAG OCUPACIONAL,MIXTO,NO OFICIAL,A,-,ACADÉMICO,454001011597,INST PEDAG OCUPACIONAL - SEDE PRINCIPAL,S,RURAL,SABATINA,54001,CÚCUTA,54,NORTE SANTANDER,N,54001,CÚCUTA,NORTE SANTANDER,54,44,12,2,43,21,2,38,11,1,48,29,2,43,18,A-,216,17,47.262974,NSE2,PUBLICAR,NO
CC,COLOMBIA,F,19/06/1994,20181,SB11201810036930,ESTUDIANTE,COLOMBIA,No,Ninguno,N/A,N/A,N/A,N/A,N/A,N/A,VALLE,76,CALI,76001,Estrato 3,1 a 2,Uno,Secundaria (Bachillerato) completa,Primaria completa,Es vendedor o trabaja en atención al público,Es vendedor o trabaja en atención al público,Si,Si,No,Si,No,No,No,No,11 A 25 LIBROS,Todos o casi todos los días,3 a 5 veces por semana,Nunca o rara vez comemos eso,Igual,30 minutos o menos,Entre 30 y 60 minutos,Más de 30 horas,"Si, en efectivo",140491,376001042050,INST. EDU. NO FORMAL ANDRES BELLO COLOMBO AMERICANO,MIXTO,NO OFICIAL,B,N,ACADÉMICO,376001042050,INST. EDU. NO FORMAL ANDRES BELLO COLOMBO AMERICANO,S,URBANO,SABATINA,76001,CALI,76,VALLE,N,76001,CALI,VALLE,76,39,6,2,38,12,2,37,8,1,33,5,1,28,2,A-,180,5,48.678719,NSE2,PUBLICAR,NO
TI,COLOMBIA,F,23/01/2000,20181,SB11201810013348,ESTUDIANTE,COLOMBIA,No,Ninguno,N/A,N/A,N/A,N/A,N/A,N/A,BOGOTA,11,BOGOTÁ D.C.,11001,Estrato 5,5 a 6,Cuatro,Postgrado,Postgrado,"Trabaja como profesional (por ejemplo médico, abogado, ingeniero)","Trabaja como profesional (por ejemplo médico, abogado, ingeniero)",Si,Si,Si,Si,Si,Si,No,Si,MÁS DE 100 LIBROS,Todos o casi todos los días,Todos o casi todos los días,3 a 5 veces por semana,Igual,30 minutos o menos,Más de 3 horas,0,No,019422,311848002262,COL ITALIANO LEONARDO DA VINCI,MIXTO,NO OFICIAL,B,S,ACADÉMICO,311848002262,COL ITALIANO LEONARDO DA VINCI,S,URBANO,COMPLETA,11001,BOGOTÁ D.C.,11,BOGOTA,N,11001,BOGOTÁ D.C.,BOGOTA,11,66,69,4,68,74,3,70,84,3,64,69,3,82,84,B+,341,76,81.592926,NSE4,PUBLICAR,NO
CC,COLOMBIA,M,04/07/1998,20181,SB11201810032195,ESTUDIANTE,COLOMBIA,No,Ninguno,N/A,N/A,N/A,N/A,N/A,N/A,CORDOBA,23,MONTERÍA,23001,Estrato 3,7 a 8,Cuatro,Educación profesional completa,Secundaria (Bachillerato) completa,No aplica,"Tiene un trabajo de tipo auxiliar administrativo (por ejemplo, secretario o asistente)",Si,No,No,Si,No,No,Si,No,11 A 25 LIBROS,1 o 2 veces por semana,Todos o casi todos los días,1 o 2 veces por semana,Igual,Más de 2 horas,Entre 30 y 60 minutos,0,No,137067,305001025657,C.E. DE CÓMPUTO EMPRESARIAL PARA EL TRABAJO - CINDECÓPUTO,MIXTO,NO OFICIAL,A,-,ACADÉMICO,305001025657,CENT EDUC DE CÓMPUTO EMPRESARIAL PARA EL TRABAJO - CINDECÓPUTO,S,URBANO,MAÑANA,5001,MEDELLÍN,5,ANTIOQUIA,N,23001,MONTERÍA,CORDOBA,23,59,48,3,39,15,2,62,61,3,54,42,2,68,59,B1,273,41,49.725735,NSE2,PUBLICAR,NO
TI,COLOMBIA,F,14/12/2001,20181,SB11201810016464,ESTUDIANTE,COLOMBIA,No,Ninguno,N/A,N/A,N/A,N/A,N/A,N/A,VALLE,76,CALI,76001,Estrato 3,3 a 4,Tres,Técnica o tecnológica completa,Educación profesional completa,Es vendedor o trabaja en atención al público,"Trabaja como profesional (por ejemplo médico, abogado, ingeniero)",Si,Si,Si,Si,Si,Si,No,Si,26 A 100 LIBROS,1 o 2 veces por semana,3 a 5 veces por semana,1 o 2 veces por semana,Igual,Entre 30 y 60 minutos,Entre 30 y 60 minutos,0,No,036681,376001026925,COMFANDI MIRAFLORES,MIXTO,NO OFICIAL,B,N,ACADÉMICO,376001026925,COMFANDI MIRAFLORES,S,URBANO,MAÑANA,76001,CALI,76,VALLE,N,76001,CALI,VALLE,76,56,37,3,39,15,2,44,21,2,44,21,2,57,43,A1,233,23,62.845947,NSE3,PUBLICAR,NO
TI,COLOMBIA,F,27/12/2000,20181,SB11201810027515,ESTUDIANTE,COLOMBIA,No,Ninguno,N/A,N/A,N/A,N/A,N/A,N/A,BOGOTA,11,BOGOTÁ D.C.,11001,Estrato 2,3 a 4,Dos,No sabe,Educación profesional completa,No sabe,"Trabaja como personal de limpieza, mantenimiento, seguridad o construcción",Si,Si,No,Si,No,No,No,No,0 A 10 LIBROS,1 o 2 veces por semana,1 o 2 veces por semana,Nunca o rara vez comemos eso,Mejor,No leo por entretenimiento,Entre 1 y 3 horas,Menos de 10 horas,No,112300,311001105928,CENT EDUC PROEDUCAR,MIXTO,NO OFICIAL,A,N,ACADÉMICO,311001105928,CENT EDUC PROEDUCAR,S,URBANO,MAÑANA,11001,BOGOTÁ D.C.,11,BOGOTA,N,11001,BOGOTÁ D.C.,BOGOTA,11,51,26,3,40,16,2,40,13,1,48,29,2,40,14,A-,222,19,46.195488,NSE2,PUBLICAR,NO
TI,COLOMBIA,M,02/10/2001,20181,SB11201810014239,ESTUDIANTE,COLOMBIA,No,Ninguno,N/A,N/A,N/A,N/A,N/A,N/A,VALLE,76,CALI,76001,Estrato 4,5 a 6,Cuatro,Educación profesional completa,Educación profesional completa,"Es dueño de un negocio pequeño (tiene pocos empleados o no tiene, por ejemplo tienda, papelería, etc","Trabaja en el hogar, no trabaja o estudia",Si,Si,Si,Si,Si,Si,Si,Si,11 A 25 LIBROS,3 a 5 veces por semana,Todos o casi todos los días,3 a 5 veces por semana,Peor,30 minutos o menos,Entre 1 y 3 horas,0,No,105742,376001026968,COLEGIO FREINET,MIXTO,NO OFICIAL,B,S,ACADÉMICO,376001026968,COLEGIO FREINET,S,URBANO,COMPLETA,76001,CALI,76,VALLE,N,76001,CALI,VALLE,76,74,91,4,84,99,4,77,98,4,74,91,4,83,87,B+,388,97,64.135513,NSE4,PUBLICAR,NO
TI,COLOMBIA,F,24/03/2000,20181,SB11201810028014,ESTUDIANTE,COLOMBIA,No,Ninguno,N/A,N/A,N/A,N/A,N/A,N/A,ANTIOQUIA,5,MEDELLÍN,05001,Estrato 1,3 a 4,Tres,Técnica o tecnológica completa,Secundaria (Bachillerato) incompleta,Sin respuesta,"Trabaja por cuenta propia (por ejemplo plomero, electricista)",No,Si,Si,Si,No,No,Si,Si,11 A 25 LIBROS,3 a 5 veces por semana,3 a 5 veces por semana,3 a 5 veces por semana,Igual,Entre 1 y 2 horas,30 minutos o menos,0,No,662114,305001017361,CENT DE DESARROLLO INTEGRADO - CENDI,MIXTO,NO OFICIAL,OTRO,N,ACADÉMICO,305001017361,CENT DE DESARROLLO INTEGRADO - CENDI,S,URBANO,SABATINA,5001,MEDELLÍN,5,ANTIOQUIA,N,5001,MEDELLÍN,ANTIOQUIA,5,44,11,2,24,1,1,48,29,2,30,3,1,31,4,A-,180,5,51.093082,NSE2,PUBLICAR,NO
TI,COLOMBIA,F,19/12/2000,20181,SB11201810037785,ESTUDIANTE,COLOMBIA,No,Ninguno,N/A,N/A,N/A,N/A,N/A,N/A,HUILA,41,LA PLATA,41396,Estrato 2,1 a 2,Tres,Secundaria (Bachillerato) completa,Secundaria (Bachillerato) completa,"Es operario de máquinas o conduce vehículos (taxita, chofer)","Trabaja en el hogar, no trabaja o estudia",No,Si,Si,Si,Si,Si,No,Si,11 A 25 LIBROS,1 o 2 veces por semana,Todos o casi todos los días,1 o 2 veces por semana,Mejor,30 minutos o menos,Más de 3 horas,0,No,094359,341396002096,COL-EMPRESARIAL DE LOS ANDES,MIXTO,NO OFICIAL,A,N,ACADÉMICO,341396002096,COL-EMPRESARIAL DE LOS ANDES,S,URBANO,SABATINA,41396,LA PLATA,41,HUILA,N,41396,LA PLATA,HUILA,41,49,20,2,34,7,1,39,11,1,37,9,1,38,11,A-,198,10,52.884174,NSE3,PUBLICAR,NO
TI,COLOMBIA,M,09/03/2002,20181,SB11201810030550,ESTUDIANTE,COLOMBIA,No,Ninguno,N/A,N/A,N/A,N/A,N/A,N/A,RISARALDA,66,PEREIRA,66001,Estrato 4,5 a 6,Cuatro,Educación profesional completa,Educación profesional completa,"Trabaja como profesional (por ejemplo médico, abogado, ingeniero)","Trabaja en el hogar, no trabaja o estudia",Si,Si,Si,Si,Si,Si,Si,Si,26 A 100 LIBROS,Todos o casi todos los días,Todos o casi todos los días,Todos o casi todos los días,Igual,Más de 2 horas,Más de 3 horas,0,No,164574,466001006826,SAINT GEORGE SCHOOL - SAN JORGE,MIXTO,NO OFICIAL,B,-,ACADÉMICO,466001006826,SAINT GEORGE SCHOOL - SAN JORGE - SEDE PRINCIPAL,S,URBANO,COMPLETA,66001,PEREIRA,66,RISARALDA,N,66001,PEREIRA,RISARALDA,66,68,76,4,62,61,3,69,82,3,59,56,3,76,72,B1,327,68,71.335327,NSE4,PUBLICAR,NO
TI,COLOMBIA,F,15/05/2002,20181,SB11201810015346,ESTUDIANTE,COLOMBIA,No,Ninguno,N/A,N/A,N/A,N/A,N/A,N/A,NARIÑO,52,PASTO,52001,Estrato 3,3 a 4,Tres,Secundaria (Bachillerato) incompleta,Educación profesional completa,"Trabaja como profesional (por ejemplo médico, abogado, ingeniero)",Es vendedor o trabaja en atención al público,Si,Si,Si,No,No,Si,No,No,11 A 25 LIBROS,1 o 2 veces por semana,3 a 5 veces por semana,3 a 5 veces por semana,Igual,Entre 30 y 60 minutos,Entre 1 y 3 horas,0,No,078972,352001004135,INST SAN FRANCISCO DE ASIS,MIXTO,NO OFICIAL,B,N,ACADÉMICO,352001004135,INST SAN FRANCISCO DE ASIS,S,URBANO,MAÑANA,52001,PASTO,52,NARIÑO,N,52001,PASTO,NARIÑO,52,57,42,3,56,46,3,56,46,3,58,52,3,52,34,A1,282,45,55.272881,NSE3,PUBLICAR,NO
TI,COLOMBIA,M,01/06/2001,20181,SB11201810031804,ESTUDIANTE,COLOMBIA,No,Ninguno,N/A,N/A,N/A,N/A,N/A,N/A,BOGOTA,11,BOGOTÁ D.C.,11001,Estrato 2,3 a 4,Dos,Secundaria (Bachillerato) incompleta,Técnica o tecnológica incompleta,Es vendedor o trabaja en atención al público,"Trabaja en el hogar, no trabaja o estudia",Si,Si,Si,No,No,No,No,No,0 A 10 LIBROS,3 a 5 veces por semana,3 a 5 veces por semana,3 a 5 veces por semana,Igual,30 minutos o menos,Entre 1 y 3 horas,Más de 30 horas,"Si, en efectivo",087973,311001104905,COL CENT DE INSTRUCCION SISTEMATIZADA CEIS,MIXTO,NO OFICIAL,A,N,ACADÉMICO,311001104905,COL CENT DE INSTRUCCION SISTEMATIZADA CEIS,S,URBANO,MAÑANA,11001,BOGOTÁ D.C.,11,BOGOTA,N,11001,BOGOTÁ D.C.,BOGOTA,11,50,23,2,54,43,3,49,31,2,53,40,2,55,40,A1,259,35,49.793274,NSE2,PUBLICAR,NO
CC,COLOMBIA,F,25/03/1999,20181,SB11201810040067,ESTUDIANTE,COLOMBIA,No,Ninguno,N/A,N/A,N/A,N/A,N/A,N/A,CUNDINAMARCA,25,SOACHA,25754,Estrato 2,5 a 6,Dos,Primaria incompleta,Secundaria (Bachillerato) completa,"Trabaja por cuenta propia (por ejemplo plomero, electricista)","Es dueño de un negocio pequeño (tiene pocos empleados o no tiene, por ejemplo tienda, papelería, etc",Si,No,Si,Si,No,No,No,No,11 A 25 LIBROS,Todos o casi todos los días,3 a 5 veces por semana,Todos o casi todos los días,Mejor,30 minutos o menos,Entre 30 y 60 minutos,Menos de 10 horas,"Si, en efectivo",714493,325754005455,INSTITUTO POLITECNICO NACIONAL LATINOAMERICANO I.P.L.,MIXTO,NO OFICIAL,A,S,-,325754005455,INSTITUTO POLITECNICO NACIONAL LATINOAMERICANO I.P.L. - SEDE PRINCIPAL,S,URBANO,SABATINA,25754,SOACHA,25,CUNDINAMARCA,N,11001,BOGOTÁ D.C.,BOGOTA,11,47,17,2,48,30,2,45,23,2,46,26,2,33,6,A-,227,21,50.529427,NSE2,PUBLICAR,NO
CE,COLOMBIA,M,08/10/1999,20181,SB11201810002474,ESTUDIANTE,COLOMBIA,No,Ninguno,N/A,N/A,N/A,N/A,N/A,N/A,VALLE,76,CALI,76001,Estrato 5,3 a 4,Tres,Postgrado,Secundaria (Bachillerato) completa,"Es dueño de un negocio grande, tiene un cargo de nivel directivo o gerencial","Trabaja en el hogar, no trabaja o estudia",Si,Si,Si,Si,Si,Si,Si,Si,0 A 10 LIBROS,3 a 5 veces por semana,Todos o casi todos los días,Todos o casi todos los días,Mejor,No leo por entretenimiento,Más de 3 horas,0,No,197970,376001043897,ESCUELA DE GESTION Y FORMACION EMPRESARIAL,MIXTO,NO OFICIAL,B,N,-,376001043897,ESCUELA DE GESTION Y FORMACION EMPRESARIAL - SEDE PRINCIPAL,S,URBANO,MAÑANA,76001,CALI,76,VALLE,N,76001,CALI,VALLE,76,47,17,2,55,43,3,46,24,2,55,45,2,34,7,A-,247,30,63.23061,NSE3,PUBLICAR,NO
TI,COLOMBIA,M,06/11/2001,20181,SB11201810018677,ESTUDIANTE,COLOMBIA,No,Ninguno,N/A,N/A,N/A,N/A,N/A,N/A,VALLE,76,CALI,76001,Estrato 5,3 a 4,Tres,Educación profesional completa,Educación profesional completa,"Trabaja como profesional (por ejemplo médico, abogado, ingeniero)","Tiene un trabajo de tipo auxiliar administrativo (por ejemplo, secretario o asistente)",Si,Si,Si,Si,Si,Si,No,Si,0 A 10 LIBROS,1 o 2 veces por semana,3 a 5 veces por semana,1 o 2 veces por semana,Igual,No leo por entretenimiento,Entre 30 y 60 minutos,0,No,017293,376001003461,COLEGIO SAN ANTONIO MARIA CLARET,MIXTO,NO OFICIAL,B,N,ACADÉMICO,376001003461,COLEGIO SAN ANTONIO MARIA CLARET,S,URBANO,MAÑANA,76001,CALI,76,VALLE,N,76001,CALI,VALLE,76,59,45,3,68,74,3,61,60,3,53,40,2,61,50,A2,302,55,64.077255,NSE3,PUBLICAR,NO
TI,COLOMBIA,M,18/01/2000,20181,SB11201810021754,ESTUDIANTE,COLOMBIA,No,Ninguno,N/A,N/A,N/A,N/A,N/A,N/A,ATLANTICO,8,BARRANQUILLA,08001,Estrato 5,3 a 4,Cuatro,Educación profesional completa,Educación profesional completa,"Trabaja como profesional (por ejemplo médico, abogado, ingeniero)","Trabaja como profesional (por ejemplo médico, abogado, ingeniero)",Si,Si,Si,Si,Si,Si,No,Si,0 A 10 LIBROS,3 a 5 veces por semana,Todos o casi todos los días,3 a 5 veces por semana,Mejor,Entre 30 y 60 minutos,Entre 1 y 3 horas,0,No,003418,408573012835,COLEGIO KARL C PARRISH,MIXTO,NO OFICIAL,B,S,ACADÉMICO,408573012835,COLEGIO KARL C PARRISH,S,URBANO,COMPLETA,8573,PUERTO COLOMBIA,8,ATLANTICO,N,8001,BARRANQUILLA,ATLANTICO,8,68,77,4,64,64,3,62,60,3,59,54,3,78,76,B1,322,65,69.446297,NSE4,PUBLICAR,NO
CC,COLOMBIA,M,15/04/1999,20181,SB11201810005291,ESTUDIANTE,COLOMBIA,No,Ninguno,N/A,N/A,N/A,N/A,N/A,N/A,ANTIOQUIA,5,MEDELLÍN,05001,Estrato 3,5 a 6,Cuatro,Secundaria (Bachillerato) completa,Secundaria (Bachillerato) completa,Pensionado,No sabe,Si,No,Si,No,Si,No,No,No,11 A 25 LIBROS,3 a 5 veces por semana,Todos o casi todos los días,Todos o casi todos los días,Mejor,Entre 30 y 60 minutos,Entre 1 y 3 horas,-,-,192294,105001003395,INST TEC METROPOLITANO - SEDE CASTILLA,MIXTO,OFICIAL,OTRO,N,ACADÉMICO,105001003395,INST TEC METROPOLITANO - SEDE CASTILLA,S,URBANO,MAÑANA,5001,MEDELLÍN,5,ANTIOQUIA,N,5001,MEDELLÍN,ANTIOQUIA,5,52,28,3,47,28,2,43,20,2,50,33,2,48,28,A1,240,27,53.173946,NSE3,PUBLICAR,NO
CC,COLOMBIA,M,03/10/1999,20181,SB11201810036997,ESTUDIANTE,COLOMBIA,No,Ninguno,N/A,N/A,N/A,N/A,N/A,N/A,BOGOTA,11,BOGOTÁ D.C.,11001,Sin Estrato,1 a 2,Uno,Sin respuesta,Sin respuesta,"Es dueño de un negocio pequeño (tiene pocos empleados o no tiene, por ejemplo tienda, papelería, etc","Es dueño de un negocio pequeño (tiene pocos empleados o no tiene, por ejemplo tienda, papelería, etc",Sin respuesta,-,Si,No,No,No,No,No,-,-,-,-,Igual,-,-,Entre 11 y 20 horas,No,195040,311001106606,COL BRITANICO SEDE KENNEDY,MIXTO,NO OFICIAL,A,-,ACADÉMICO,311001106606,COL BRITANICO SEDE KENNEDY,S,URBANO,MAÑANA,11001,BOGOTÁ D.C.,11,BOGOTA,N,11001,BOGOTÁ D.C.,BOGOTA,11,66,69,4,50,33,2,56,47,3,52,39,2,55,39,A1,280,44,48.982067,NSE2,PUBLICAR,NO
TI,COLOMBIA,F,05/06/2005,20181,SB11201810000155,ESTUDIANTE,COLOMBIA,No,Ninguno,N/A,N/A,N/A,N/A,N/A,N/A,VALLE,76,PALMIRA,76520,Estrato 3,9 o más,Seis o mas,Educación profesional completa,Educación profesional completa,"Es dueño de un negocio pequeño (tiene pocos empleados o no tiene, por ejemplo tienda, papelería, etc","Es dueño de un negocio pequeño (tiene pocos empleados o no tiene, por ejemplo tienda, papelería, etc",Si,Si,Si,Si,No,Si,No,No,26 A 100 LIBROS,1 o 2 veces por semana,Todos o casi todos los días,Nunca o rara vez comemos eso,Igual,Entre 1 y 2 horas,Entre 1 y 3 horas,0,No,041459,176520007467,COLEGIO COMERCIAL DE PALMIRA O.E.T.H,MIXTO,NO OFICIAL,B,N,TÉCNICO,176520007467,COLEGIO COMERCIAL DE PALMIRA - SEDE PRINCIPAL,S,URBANO,MAÑANA,76520,PALMIRA,76,VALLE,N,76520,PALMIRA,VALLE,76,58,43,3,35,8,1,40,13,1,40,15,1,53,36,A1,220,18,60.698318,NSE3,PUBLICAR,NO
TI,COLOMBIA,F,18/10/2001,20181,SB11201810019035,ESTUDIANTE,COLOMBIA,No,Ninguno,N/A,N/A,N/A,N/A,N/A,N/A,VALLE,76,CALI,76001,Estrato 5,5 a 6,Cuatro,Educación profesional completa,Secundaria (Bachillerato) completa,"Trabaja como profesional (por ejemplo médico, abogado, ingeniero)","Trabaja en el hogar, no trabaja o estudia",Si,Si,Si,Si,No,Si,No,No,11 A 25 LIBROS,Todos o casi todos los días,Todos o casi todos los días,Nunca o rara vez comemos eso,Peor,30 minutos o menos,Más de 3 horas,0,No,031468,376001008544,COLEGIO LOS ANDES,MIXTO,NO OFICIAL,B,N,ACADÉMICO,376001008544,COLEGIO LOS ANDES,S,URBANO,MAÑANA,76001,CALI,76,VALLE,N,76001,CALI,VALLE,76,63,58,3,53,39,3,57,48,3,53,41,2,55,39,A1,282,45,59.757801,NSE3,PUBLICAR,NO
TI,COLOMBIA,M,04/03/2000,20181,SB11201810004872,ESTUDIANTE,COLOMBIA,No,Ninguno,N/A,N/A,N/A,N/A,N/A,N/A,BOGOTA,11,BOGOTÁ D.C.,11001,Estrato 2,3 a 4,Dos,Primaria incompleta,Primaria completa,"Es dueño de un negocio pequeño (tiene pocos empleados o no tiene, por ejemplo tienda, papelería, etc","Es dueño de un negocio pequeño (tiene pocos empleados o no tiene, por ejemplo tienda, papelería, etc",Si,Si,Si,Si,Si,No,No,Si,0 A 10 LIBROS,1 o 2 veces por semana,1 o 2 veces por semana,1 o 2 veces por semana,Igual,30 minutos o menos,Más de 3 horas,Entre 11 y 20 horas,"Si, en efectivo",088591,311001109605,INSTITUTO GERWILL,MIXTO,NO OFICIAL,A,N,ACADÉMICO,311001109605,INSTITUTO GERWILL - SEDE PRINCIPAL,S,URBANO,NOCHE,11001,BOGOTÁ D.C.,11,BOGOTA,N,11001,BOGOTÁ D.C.,BOGOTA,11,46,15,2,54,42,3,51,35,2,43,20,2,36,9,A-,238,26,51.298759,NSE3,PUBLICAR,NO
CR,COLOMBIA,M,25/07/1999,20181,SB11201810022670,ESTUDIANTE,COLOMBIA,No,Ninguno,N/A,N/A,N/A,N/A,N/A,N/A,VALLE,76,CALI,76001,Sin Estrato,3 a 4,Seis o mas,Sin respuesta,Sin respuesta,"Es dueño de un negocio grande, tiene un cargo de nivel directivo o gerencial","Es dueño de un negocio pequeño (tiene pocos empleados o no tiene, por ejemplo tienda, papelería, etc",Sin respuesta,-,Si,Si,Si,No,Si,No,-,-,-,-,Igual,-,-,Menos de 10 horas,"Si, en efectivo",100461,376001041602,CENTRO DE ESTUDIOS PARA LOS SISTEMAS DE INFORMACION CESI,MIXTO,NO OFICIAL,B,N,ACADÉMICO,376001041602,CENTRO DE ESTUDIOS PARA LOS SISTEMAS DE INFORMACION CESI - SEDE PRINCIPAL,S,URBANO,MAÑANA,76001,CALI,76,VALLE,N,76001,CALI,VALLE,76,36,2,2,36,9,2,46,25,2,38,10,1,60,48,A2,203,12,55.327503,NSE3,PUBLICAR,NO
CC,COLOMBIA,F,05/06/1976,20181,SB11201810053074,ESTUDIANTE,COLOMBIA,No,Ninguno,N/A,N/A,N/A,N/A,N/A,N/A,RISARALDA,66,BELÉN DE UMBRÍA,66088,Sin Estrato,3 a 4,Tres,Sin respuesta,Sin respuesta,Sin respuesta,"Trabaja por cuenta propia (por ejemplo plomero, electricista)",Sin respuesta,-,Si,Si,-,-,-,-,-,-,-,-,Mejor,-,-,Menos de 10 horas,No,132993,166088000027,IE NUESTRA SEÑORA DEL ROSARIO,MIXTO,OFICIAL,A,S,TÉCNICO/ACADÉMICO,166088000027,SE NUESTRA SEÑORA DEL ROSARIO - SEDE PRINCIPAL,S,URBANO,NOCHE,66088,BELÉN DE UMBRÍA,66,RISARALDA,N,66001,PEREIRA,RISARALDA,66,53,29,3,31,4,1,33,4,1,34,6,1,28,3,A-,185,6,,-,PUBLICAR,NO
TI,COLOMBIA,M,04/11/1998,20181,SB11201810070053,ESTUDIANTE,COLOMBIA,No,Ninguno,N/A,N/A,N/A,N/A,N/A,N/A,NARIÑO,52,ILES,52352,Estrato 3,3 a 4,Tres,Primaria incompleta,Primaria completa,"Trabaja como personal de limpieza, mantenimiento, seguridad o construcción","Trabaja en el hogar, no trabaja o estudia",No,Si,No,No,Si,Si,No,No,0 A 10 LIBROS,3 a 5 veces por semana,Todos o casi todos los días,1 o 2 veces por semana,Igual,30 minutos o menos,Entre 30 y 60 minutos,Entre 11 y 20 horas,"Si, en efectivo",083816,352356001421,COLEGIO INSTITUTO EDUCATIVO COLOMBIANO INSECOL,MIXTO,NO OFICIAL,A,N,ACADÉMICO,352356001421,COLEGIO INSTITUTO EDUCATIVO COLOMBIANO INSECOL,S,URBANO,TARDE,52356,IPIALES,52,NARIÑO,N,52001,PASTO,NARIÑO,52,46,14,2,41,17,2,31,2,1,41,16,2,29,3,A-,195,9,,-,PRESENTE CON LECTURA TARDIA,NO
CC,COLOMBIA,F,18/08/1999,20181,SB11201810027375,ESTUDIANTE,COLOMBIA,No,Ninguno,N/A,N/A,N/A,N/A,N/A,N/A,BOGOTA,11,BOGOTÁ D.C.,11001,Estrato 6,5 a 6,Cinco,Educación profesional completa,Educación profesional completa,"Es dueño de un negocio grande, tiene un cargo de nivel directivo o gerencial","Trabaja como profesional (por ejemplo médico, abogado, ingeniero)",Si,Si,Si,Si,Si,Si,No,Si,MÁS DE 100 LIBROS,Todos o casi todos los días,Todos o casi todos los días,Todos o casi todos los días,Igual,Entre 1 y 2 horas,Más de 3 horas,0,No,019448,311001019941,COL NUEVA GRANADA,MIXTO,NO OFICIAL,B,S,ACADÉMICO,311001019941,COL NUEVA GRANADA,S,URBANO,COMPLETA,11001,BOGOTÁ D.C.,11,BOGOTA,N,11001,BOGOTÁ D.C.,BOGOTA,11,65,64,3,70,80,3,69,82,3,75,93,4,82,85,B+,353,83,73.485992,NSE4,PUBLICAR,NO
CC,COLOMBIA,M,12/06/1987,20181,SB11201810014715,ESTUDIANTE,COLOMBIA,No,Ninguno,N/A,N/A,N/A,N/A,N/A,N/A,BOGOTA,11,BOGOTÁ D.C.,11001,Estrato 2,5 a 6,Tres,Secundaria (Bachillerato) completa,Primaria incompleta,No aplica,"Trabaja en el hogar, no trabaja o estudia",No,Si,No,Si,No,No,No,No,0 A 10 LIBROS,1 o 2 veces por semana,1 o 2 veces por semana,1 o 2 veces por semana,Igual,30 minutos o menos,Entre 30 y 60 minutos,Entre 21 y 30 horas,"Si, en efectivo",175208,311001105197,INST IP EDUCANDO LA JUVENTUD FUTURO DE COLOMBIA,MIXTO,NO OFICIAL,A,N,ACADÉMICO,311001105197,INST IP EDUCANDO LA JUVENTUD FUTURO DE COLOMBIA,S,URBANO,SABATINA,11001,BOGOTÁ D.C.,11,BOGOTA,N,11001,BOGOTÁ D.C.,BOGOTA,11,37,4,2,33,6,1,35,5,1,42,17,2,32,5,A-,182,5,40.83131,NSE1,PUBLICAR,NO
TI,COLOMBIA,M,22/09/2001,20181,SB11201810025007,ESTUDIANTE,COLOMBIA,No,Ninguno,N/A,N/A,N/A,N/A,N/A,N/A,VALLE,76,CALI,76001,Estrato 3,3 a 4,Dos,Técnica o tecnológica completa,Postgrado,Es vendedor o trabaja en atención al público,"Tiene un trabajo de tipo auxiliar administrativo (por ejemplo, secretario o asistente)",Si,Si,Si,Si,Si,Si,No,No,MÁS DE 100 LIBROS,1 o 2 veces por semana,1 o 2 veces por semana,Todos o casi todos los días,Igual,Entre 30 y 60 minutos,Más de 3 horas,0,No,053082,376001000586,COLEGIO SAN PEDRO CLAVER,MIXTO,NO OFICIAL,B,N,TÉCNICO,376001000586,COLEGIO SAN PEDRO CLAVER,S,URBANO,COMPLETA,76001,CALI,76,VALLE,N,76001,CALI,VALLE,76,61,54,3,62,60,3,61,60,3,61,61,3,68,60,B1,309,58,61.67202,NSE3,PUBLICAR,NO
TI,COLOMBIA,F,19/05/2000,20181,SB11201810023076,ESTUDIANTE,COLOMBIA,No,Ninguno,N/A,N/A,N/A,N/A,N/A,N/A,BOGOTA,11,BOGOTÁ D.C.,11001,Sin Estrato,1 a 2,Uno,Sin respuesta,Sin respuesta,"Es dueño de un negocio pequeño (tiene pocos empleados o no tiene, por ejemplo tienda, papelería, etc",Es vendedor o trabaja en atención al público,Sin respuesta,-,Si,Si,Si,Si,No,Si,-,-,-,-,Mejor,-,-,0,No,054528,311769002818,COL. INTERNACIONAL DE EDUCACIÓN INTEGRAL - CIEDI LTDA.,MIXTO,NO OFICIAL,B,S,ACADÉMICO,311769002818,COL. INTERNACIONAL DE EDUCACIÓN INTEGRAL - CIEDI LTDA - SEDE PRINCIPAL,S,RURAL,COMPLETA,11001,BOGOTÁ D.C.,11,BOGOTA,N,11001,BOGOTÁ D.C.,BOGOTA,11,68,75,4,70,80,3,64,68,3,59,54,3,76,72,B1,330,70,62.212063,NSE3,PUBLICAR,NO
TI,COLOMBIA,F,22/08/1999,20181,SB11201810022724,ESTUDIANTE,COLOMBIA,No,Ninguno,N/A,N/A,N/A,N/A,N/A,N/A,VALLE,76,PALMIRA,76520,Estrato 3,1 a 2,Dos,No Aplica,Educación profesional completa,No aplica,"Trabaja como profesional (por ejemplo médico, abogado, ingeniero)",Si,Si,Si,Si,Si,Si,No,No,11 A 25 LIBROS,1 o 2 veces por semana,3 a 5 veces por semana,1 o 2 veces por semana,Igual,Más de 2 horas,30 minutos o menos,Menos de 10 horas,"Si, en especie",143941,376520007393,COL TERESIANO DE PALMIRA,MIXTO,NO OFICIAL,B,-,ACADÉMICO,376520007393,COL TERESIANO DE PALMIRA - SEDE PRINCIPAL,S,URBANO,COMPLETA,76520,PALMIRA,76,VALLE,N,76520,PALMIRA,VALLE,76,51,25,3,43,21,2,57,49,3,49,31,2,62,50,A2,255,33,58.900841,NSE3,PUBLICAR,NO
CC,COLOMBIA,F,14/12/1997,20181,SB11201810031855,ESTUDIANTE,COLOMBIA,No,Ninguno,N/A,N/A,N/A,N/A,N/A,N/A,ANTIOQUIA,5,MUTATÁ,05480,Estrato 2,3 a 4,Tres,Secundaria (Bachillerato) completa,Secundaria (Bachillerato) completa,"Tiene un trabajo de tipo auxiliar administrativo (por ejemplo, secretario o asistente)","Es dueño de un negocio pequeño (tiene pocos empleados o no tiene, por ejemplo tienda, papelería, etc",Si,No,No,Si,No,No,Si,No,0 A 10 LIBROS,3 a 5 veces por semana,Todos o casi todos los días,3 a 5 veces por semana,Peor,30 minutos o menos,30 minutos o menos,0,"Si, en efectivo",122143,205480000588,I. E. R. BELEN DE BAJIRA,MIXTO,OFICIAL,A,N,ACADÉMICO,205480000588,COLEGIO BELEN DE BAJIRA,S,RURAL,NOCHE,5480,MUTATÁ,5,ANTIOQUIA,N,5045,APARTADÓ,ANTIOQUIA,5,44,11,2,32,6,1,28,1,1,33,5,1,38,11,A-,173,3,49.864513,NSE2,PUBLICAR,NO
TI,COLOMBIA,M,20/07/2001,20181,SB11201810009706,ESTUDIANTE,COLOMBIA,No,Ninguno,N/A,N/A,N/A,N/A,N/A,N/A,ATLANTICO,8,BARRANQUILLA,08001,Estrato 5,3 a 4,Tres,Educación profesional completa,Educación profesional completa,"Trabaja como profesional (por ejemplo médico, abogado, ingeniero)","Trabaja en el hogar, no trabaja o estudia",Si,Si,Si,Si,Si,Si,No,Si,26 A 100 LIBROS,Todos o casi todos los días,Todos o casi todos los días,Todos o casi todos los días,Igual,Entre 30 y 60 minutos,Entre 1 y 3 horas,0,No,003046,308001000882,CORP CULT COL ALEMAN,MIXTO,NO OFICIAL,B,S,ACADÉMICO,308001000882,CORP CULT COL ALEMAN,S,URBANO,COMPLETA,8001,BARRANQUILLA,8,ATLANTICO,N,8001,BARRANQUILLA,ATLANTICO,8,74,93,4,79,96,4,74,93,4,79,98,4,88,97,B+,387,97,71.335327,NSE4,PUBLICAR,NO
TI,COLOMBIA,F,03/01/2000,20181,SB11201810052979,ESTUDIANTE,COLOMBIA,No,Ninguno,N/A,N/A,N/A,N/A,N/A,N/A,VALLE,76,CALI,76001,Estrato 3,5 a 6,Tres,Técnica o tecnológica incompleta,Secundaria (Bachillerato) completa,"Es operario de máquinas o conduce vehículos (taxita, chofer)","Trabaja en el hogar, no trabaja o estudia",Si,Si,Si,Si,Si,No,No,No,11 A 25 LIBROS,Todos o casi todos los días,3 a 5 veces por semana,1 o 2 veces por semana,Igual,Entre 30 y 60 minutos,Más de 3 horas,0,"Si, en efectivo",095208,376001020170,LICEO COMERCIAL Y TECNOLOGICO DEL VALLE,MIXTO,NO OFICIAL,B,N,TÉCNICO,376001020170,LICEO COMERCIAL Y TECNOLOGICO DEL VALLE - SEDE PRINCIPAL,S,URBANO,MAÑANA,76001,CALI,76,VALLE,N,76001,CALI,VALLE,76,44,12,2,34,8,1,37,9,1,37,10,1,34,7,A-,188,7,53.859043,NSE3,PUBLICAR,NO
TI,COLOMBIA,M,24/05/2000,20181,SB11201810005786,ESTUDIANTE,COLOMBIA,No,Ninguno,N/A,N/A,N/A,N/A,N/A,N/A,VALLE,76,GUADALAJARA DE BUGA,76111,Estrato 4,3 a 4,Seis o mas,No sabe,No sabe,No sabe,No sabe,Si,Si,Si,Si,Si,Si,Si,Si,26 A 100 LIBROS,Todos o casi todos los días,Todos o casi todos los días,Todos o casi todos los días,Peor,Entre 30 y 60 minutos,Entre 1 y 3 horas,Entre 11 y 20 horas,"Si, en especie",094755,376111002673,LICEO JUVENIL,MIXTO,NO OFICIAL,B,N,TÉCNICO/ACADÉMICO,376111002673,LIC JUVENIL,S,URBANO,COMPLETA,76111,GUADALAJARA DE BUGA,76,VALLE,N,76111,GUADALAJARA DE BUGA,VALLE,76,72,88,4,74,89,4,70,85,3,66,73,3,78,76,B1,355,84,66.774872,NSE4,PUBLICAR,NO
TI,COLOMBIA,M,26/12/2000,20181,SB11201810013752,ESTUDIANTE,COLOMBIA,No,Ninguno,N/A,N/A,N/A,N/A,N/A,N/A,VALLE,76,PALMIRA,76520,Estrato 3,3 a 4,Tres,Secundaria (Bachillerato) completa,Secundaria (Bachillerato) incompleta,"Trabaja como profesional (por ejemplo médico, abogado, ingeniero)","Trabaja en el hogar, no trabaja o estudia",Si,Si,Si,No,No,No,No,No,0 A 10 LIBROS,1 o 2 veces por semana,1 o 2 veces por semana,Nunca o rara vez comemos eso,Peor,Entre 30 y 60 minutos,Entre 1 y 3 horas,0,No,662965,376520006532,INST.SIST.DE EDUCACION EMPRESARIAL COLEGIO ISEE,MIXTO,NO OFICIAL,B,N,TÉCNICO,376520006532,INST ISEE,S,URBANO,MAÑANA,76520,PALMIRA,76,VALLE,N,76520,PALMIRA,VALLE,76,56,38,3,50,33,2,52,39,2,52,37,2,58,44,A2,265,38,49.14706,NSE2,PUBLICAR,NO
TI,COLOMBIA,M,26/12/2001,20181,SB11201810023417,ESTUDIANTE,COLOMBIA,No,Ninguno,N/A,N/A,N/A,N/A,N/A,N/A,VALLE,76,PALMIRA,76520,Estrato 3,7 a 8,Cuatro,Secundaria (Bachillerato) completa,Técnica o tecnológica completa,"Trabaja por cuenta propia (por ejemplo plomero, electricista)","Trabaja en el hogar, no trabaja o estudia",Si,Si,Si,Si,Si,No,Si,Si,11 A 25 LIBROS,3 a 5 veces por semana,3 a 5 veces por semana,1 o 2 veces por semana,Igual,30 minutos o menos,Entre 30 y 60 minutos,0,No,118315,376520005145,LICEO TECNICO COMERCIAL AVANCEMOS,MIXTO,NO OFICIAL,B,N,TÉCNICO,376520005145,LIC AVANCEMOS,S,URBANO,MAÑANA,76520,PALMIRA,76,VALLE,N,76520,PALMIRA,VALLE,76,53,31,3,40,16,2,44,21,2,51,37,2,51,33,A1,237,25,55.570732,NSE3,PUBLICAR,NO
TI,COLOMBIA,M,28/01/2001,20181,SB11201810014327,ESTUDIANTE,COLOMBIA,No,Ninguno,N/A,N/A,N/A,N/A,N/A,N/A,BOGOTA,11,BOGOTÁ D.C.,11001,Sin Estrato,5 a 6,Tres,Sin respuesta,Sin respuesta,"Es dueño de un negocio pequeño (tiene pocos empleados o no tiene, por ejemplo tienda, papelería, etc",Es vendedor o trabaja en atención al público,Sin respuesta,-,Si,Si,Si,No,No,No,-,-,-,-,Mejor,-,-,0,No,175208,311001105197,INST IP EDUCANDO LA JUVENTUD FUTURO DE COLOMBIA,MIXTO,NO OFICIAL,A,N,ACADÉMICO,311001105197,INST IP EDUCANDO LA JUVENTUD FUTURO DE COLOMBIA,S,URBANO,SABATINA,11001,BOGOTÁ D.C.,11,BOGOTA,N,11001,BOGOTÁ D.C.,BOGOTA,11,59,47,3,55,43,3,54,41,2,51,35,2,46,24,A-,270,40,55.019886,NSE3,PUBLICAR,NO
TI,COLOMBIA,M,11/04/2000,20181,SB11201810019365,ESTUDIANTE,COLOMBIA,No,Ninguno,N/A,N/A,N/A,N/A,N/A,N/A,BOGOTA,11,BOGOTÁ D.C.,11001,Estrato 3,3 a 4,Tres,Secundaria (Bachillerato) incompleta,Secundaria (Bachillerato) completa,"Es dueño de un negocio grande, tiene un cargo de nivel directivo o gerencial",Es vendedor o trabaja en atención al público,Si,Si,Si,Si,Si,Si,No,Si,26 A 100 LIBROS,Todos o casi todos los días,Todos o casi todos los días,3 a 5 veces por semana,Igual,Entre 30 y 60 minutos,Entre 1 y 3 horas,0,No,123109,311001106908,COL GIMN AMERICANO,MIXTO,NO OFICIAL,A,-,ACADÉMICO,311001106908,COL GIMN AMERICANO,S,URBANO,SABATINA,11001,BOGOTÁ D.C.,11,BOGOTA,N,11001,BOGOTÁ D.C.,BOGOTA,11,58,44,3,54,42,3,51,35,2,56,48,3,60,47,A2,276,43,62.413456,NSE3,PUBLICAR,NO
CC,COLOMBIA,F,27/01/1999,20181,SB11201810003973,ESTUDIANTE,COLOMBIA,No,Ninguno,N/A,N/A,N/A,N/A,N/A,N/A,BOGOTA,11,BOGOTÁ D.C.,11001,Estrato 5,7 a 8,Cuatro,Educación profesional completa,Educación profesional completa,"Es dueño de un negocio grande, tiene un cargo de nivel directivo o gerencial","Trabaja en el hogar, no trabaja o estudia",Si,Si,Si,Si,Si,Si,No,Si,26 A 100 LIBROS,Todos o casi todos los días,Todos o casi todos los días,Todos o casi todos los días,Mejor,30 minutos o menos,Más de 3 horas,Entre 11 y 20 horas,No,019497,311848000936,COL SANTA MARIA,FEMENINO,NO OFICIAL,B,S,ACADÉMICO,311848000936,COL SANTA MARIA,S,URBANO,COMPLETA,11001,BOGOTÁ D.C.,11,BOGOTA,N,11001,BOGOTÁ D.C.,BOGOTA,11,60,50,3,63,62,3,62,61,3,50,34,2,75,71,B1,300,54,68.003731,NSE4,PUBLICAR,NO
TI,COLOMBIA,F,24/11/2001,20181,SB11201810016461,ESTUDIANTE,COLOMBIA,No,Ninguno,N/A,N/A,N/A,N/A,N/A,N/A,VALLE,76,CALI,76001,Estrato 4,5 a 6,Cinco,Postgrado,Educación profesional incompleta,"Trabaja como profesional (por ejemplo médico, abogado, ingeniero)","Tiene un trabajo de tipo auxiliar administrativo (por ejemplo, secretario o asistente)",Si,Si,Si,Si,Si,Si,No,Si,26 A 100 LIBROS,Todos o casi todos los días,Todos o casi todos los días,3 a 5 veces por semana,Igual,30 minutos o menos,Más de 3 horas,0,No,036681,376001026925,COMFANDI MIRAFLORES,MIXTO,NO OFICIAL,B,N,ACADÉMICO,376001026925,COMFANDI MIRAFLORES,S,URBANO,MAÑANA,76001,CALI,76,VALLE,N,76001,CALI,VALLE,76,74,93,4,66,69,3,60,56,3,69,82,3,77,74,B1,340,76,71.141563,NSE4,PUBLICAR,NO
TI,COLOMBIA,M,05/05/2000,20181,SB11201810007532,ESTUDIANTE,COLOMBIA,No,Ninguno,N/A,N/A,N/A,N/A,N/A,N/A,NARIÑO,52,PASTO,52001,Estrato 3,3 a 4,Dos,Educación profesional completa,Educación profesional completa,"Es dueño de un negocio pequeño (tiene pocos empleados o no tiene, por ejemplo tienda, papelería, etc","Es dueño de un negocio grande, tiene un cargo de nivel directivo o gerencial",Si,Si,Si,Si,Si,Si,No,Si,11 A 25 LIBROS,Todos o casi todos los días,3 a 5 veces por semana,Todos o casi todos los días,Igual,No leo por entretenimiento,Más de 3 horas,0,No,011262,352001001519,COLEGIO DEL SAGRADO CORAZON DE JESUS,MIXTO,NO OFICIAL,B,N,ACADÉMICO,352001001519,COLEGIO DEL SAGRADO CORAZON DE JESUS,S,URBANO,MAÑANA,52001,PASTO,52,NARIÑO,N,52001,PASTO,NARIÑO,52,72,86,4,60,55,3,66,73,3,59,54,3,68,60,B1,323,65,66.968781,NSE4,PUBLICAR,NO
CC,COLOMBIA,F,23/04/1966,20181,SB11201810012176,ESTUDIANTE,COLOMBIA,No,Ninguno,N/A,N/A,N/A,N/A,N/A,N/A,CUNDINAMARCA,25,CHÍA,25175,Sin Estrato,3 a 4,Cuatro,Sin respuesta,Sin respuesta,Es vendedor o trabaja en atención al público,"Es dueño de un negocio pequeño (tiene pocos empleados o no tiene, por ejemplo tienda, papelería, etc",Sin respuesta,-,Si,Si,Si,No,No,Si,-,-,-,-,Igual,-,-,Más de 30 horas,"Si, en efectivo",111195,325175032424,CENTRO EDUCATIVO DE ADULTOS CEAM,MIXTO,NO OFICIAL,OTRO,N,ACADÉMICO,325175032424,CENTRO EDUCATIVO DE ADULTOS CEAM - SEDE PRINCIPAL,S,URBANO,NOCHE,25175,CHÍA,25,CUNDINAMARCA,N,25899,ZIPAQUIRÁ,CUNDINAMARCA,25,48,19,2,37,11,2,39,11,1,42,17,2,40,14,A-,207,13,55.298859,NSE3,PUBLICAR,NO
TI,COLOMBIA,F,13/01/2001,20181,SB11201810012423,ESTUDIANTE,COLOMBIA,No,Ninguno,N/A,N/A,N/A,N/A,N/A,N/A,ATLANTICO,8,BARRANQUILLA,08001,Estrato 5,1 a 2,Dos,Educación profesional completa,Educación profesional completa,"Trabaja como profesional (por ejemplo médico, abogado, ingeniero)","Trabaja como profesional (por ejemplo médico, abogado, ingeniero)",Si,Si,Si,Si,Si,Si,No,Si,11 A 25 LIBROS,Todos o casi todos los días,Todos o casi todos los días,3 a 5 veces por semana,Igual,Entre 30 y 60 minutos,Más de 3 horas,0,No,179358,308573074909,COLEGIO SAN JOSÉ,MIXTO,NO OFICIAL,B,-,ACADÉMICO,308573074909,COLEGIO SAN JOSÉ - SEDE PRINCIPAL,S,URBANO,COMPLETA,8573,PUERTO COLOMBIA,8,ATLANTICO,N,8001,BARRANQUILLA,ATLANTICO,8,54,32,3,59,52,3,58,51,3,61,61,3,78,75,B1,298,53,72.258484,NSE4,PUBLICAR,NO
TI,COLOMBIA,M,08/12/1999,20181,SB11201810035276,ESTUDIANTE,COLOMBIA,No,Ninguno,N/A,N/A,N/A,N/A,N/A,N/A,BOGOTA,11,BOGOTÁ D.C.,11001,Sin Estrato,3 a 4,Dos,Secundaria (Bachillerato) completa,Secundaria (Bachillerato) completa,"Trabaja como personal de limpieza, mantenimiento, seguridad o construcción","Trabaja por cuenta propia (por ejemplo plomero, electricista)",Si,No,Si,No,No,No,No,No,11 A 25 LIBROS,1 o 2 veces por semana,3 a 5 veces por semana,3 a 5 veces por semana,Igual,30 minutos o menos,30 minutos o menos,0,No,662098,311001106622,CENT DE EDUC ROBERT HOOKE,MIXTO,NO OFICIAL,A,-,ACADÉMICO,311001106622,CENT DE EDUC ROBERT HOOKE,S,URBANO,SABATINA,11001,BOGOTÁ D.C.,11,BOGOTA,N,11001,BOGOTÁ D.C.,BOGOTA,11,48,19,2,27,2,1,44,20,2,38,11,1,42,18,A-,197,10,48.877655,NSE2,PUBLICAR,NO
TI,COLOMBIA,M,08/02/2001,20181,SB11201810000726,ESTUDIANTE,COLOMBIA,No,Ninguno,N/A,N/A,N/A,N/A,N/A,N/A,BOGOTA,11,BOGOTÁ D.C.,11001,Estrato 6,3 a 4,Dos,Postgrado,Postgrado,"Trabaja como profesional (por ejemplo médico, abogado, ingeniero)","Trabaja en el hogar, no trabaja o estudia",Si,Si,Si,Si,Si,Si,No,Si,MÁS DE 100 LIBROS,3 a 5 veces por semana,Todos o casi todos los días,1 o 2 veces por semana,Igual,30 minutos o menos,Entre 1 y 3 horas,0,No,087999,311001102775,COL BILING DE LA UNIVERSIDAD DEL BOSQUE,MIXTO,NO OFICIAL,A,S,ACADÉMICO,311001102775,COL BILING DE LA UNIVERSIDAD DEL BOSQUE,S,URBANO,COMPLETA,11001,BOGOTÁ D.C.,11,BOGOTA,N,11001,BOGOTÁ D.C.,BOGOTA,11,55,35,3,51,36,3,51,36,2,54,44,2,65,55,A2,268,39,72.931679,NSE4,PUBLICAR,NO
CR,COLOMBIA,F,05/11/1999,20181,SB11201810007519,ESTUDIANTE,COLOMBIA,No,Ninguno,N/A,N/A,N/A,N/A,N/A,N/A,BOGOTA,11,BOGOTÁ D.C.,11001,Estrato 6,3 a 4,Cuatro,Educación profesional completa,Postgrado,"Es dueño de un negocio grande, tiene un cargo de nivel directivo o gerencial","Trabaja en el hogar, no trabaja o estudia",Si,Si,Si,Si,Si,Si,No,Si,26 A 100 LIBROS,Todos o casi todos los días,Todos o casi todos los días,Todos o casi todos los días,Igual,Entre 30 y 60 minutos,Más de 3 horas,0,No,019364,311848001011,COL ANGLO COLOMBIANO,MIXTO,NO OFICIAL,B,S,ACADÉMICO,311848001011,COL ANGLO COLOMBIANO,S,URBANO,COMPLETA,11001,BOGOTÁ D.C.,11,BOGOTA,N,11001,BOGOTÁ D.C.,BOGOTA,11,74,91,4,68,75,3,72,90,4,71,86,4,84,90,B+,361,87,70.929535,NSE4,PUBLICAR,NO
TI,COLOMBIA,M,12/07/2001,20181,SB11201810030723,ESTUDIANTE,COLOMBIA,No,Ninguno,N/A,N/A,N/A,N/A,N/A,N/A,CAUCA,19,POPAYÁN,19001,Estrato 4,3 a 4,Tres,Educación profesional completa,Técnica o tecnológica completa,"Trabaja como profesional (por ejemplo médico, abogado, ingeniero)","Trabaja en el hogar, no trabaja o estudia",Si,Si,Si,Si,Si,Si,No,Si,MÁS DE 100 LIBROS,Todos o casi todos los días,Todos o casi todos los días,Todos o casi todos los días,Mejor,30 minutos o menos,Más de 3 horas,0,No,007070,319001000370,REAL COL SAN FRANCISCO DE ASIS,MIXTO,NO OFICIAL,B,N,ACADÉMICO,319001000370,REAL COL SAN FRANCISCO DE ASIS,S,URBANO,MAÑANA,19001,POPAYÁN,19,CAUCA,N,19001,POPAYÁN,CAUCA,19,80,99,4,79,96,4,71,86,4,67,75,3,72,65,B1,370,92,70.301651,NSE4,PUBLICAR,NO
CC,COLOMBIA,M,28/09/1998,20181,SB11201810033386,ESTUDIANTE,COLOMBIA,No,Ninguno,N/A,N/A,N/A,N/A,N/A,N/A,NARIÑO,52,ANCUYÁ,52036,Estrato 1,7 a 8,Cuatro,Primaria incompleta,Primaria incompleta,"Es agricultor, pesquero o jornalero","Trabaja en el hogar, no trabaja o estudia",Si,No,Si,No,No,No,Si,No,0 A 10 LIBROS,1 o 2 veces por semana,3 a 5 veces por semana,1 o 2 veces por semana,Mejor,30 minutos o menos,Entre 30 y 60 minutos,0,"Si, en efectivo",011510,152036000010,INSTITUCION EDUCATIVA CARLOS ALBORNOZ ROSAS,MIXTO,OFICIAL,A,N,TÉCNICO/ACADÉMICO,152036000010,COLEGIO NACIONALIZADO MIXTO CARLOS ALBORNOZ,S,URBANO,MAÑANA,52036,ANCUYÁ,52,NARIÑO,N,52001,PASTO,NARIÑO,52,33,1,1,53,41,3,45,22,2,39,12,1,40,14,A-,212,15,43.37027,NSE2,PUBLICAR,NO
TI,COLOMBIA,M,04/06/2000,20181,SB11201810042806,ESTUDIANTE,COLOMBIA,No,Ninguno,N/A,N/A,N/A,N/A,N/A,N/A,ANTIOQUIA,5,MEDELLÍN,05001,Estrato 2,5 a 6,Tres,Primaria completa,Primaria completa,Es vendedor o trabaja en atención al público,"Es dueño de un negocio pequeño (tiene pocos empleados o no tiene, por ejemplo tienda, papelería, etc",Si,Si,Si,Si,Si,No,Si,Si,11 A 25 LIBROS,3 a 5 veces por semana,Todos o casi todos los días,1 o 2 veces por semana,Igual,30 minutos o menos,Entre 1 y 3 horas,Entre 11 y 20 horas,"Si, en efectivo",095869,305001022682,STUDIO SISTEMAS AGENCIA CRISTIANA DE SERVICIO Y EDUCACION,MIXTO,NO OFICIAL,OTRO,N,ACADÉMICO,305001022682,STUDIO SISTEMAS AGENCIA CRISTIANA DE SERVICIO Y EDUCACION,S,URBANO,MAÑANA,5001,MEDELLÍN,5,ANTIOQUIA,N,5001,MEDELLÍN,ANTIOQUIA,5,43,11,2,26,2,1,33,4,1,28,1,1,39,13,A-,165,2,53.729694,NSE3,PUBLICAR,NO
TI,COLOMBIA,M,08/06/2000,20181,SB11201810018390,ESTUDIANTE,COLOMBIA,No,Ninguno,N/A,N/A,N/A,N/A,N/A,N/A,VALLE,76,PALMIRA,76520,Estrato 1,1 a 2,Dos,Ninguno,Primaria incompleta,"Trabaja por cuenta propia (por ejemplo plomero, electricista)",Es vendedor o trabaja en atención al público,Si,Si,No,Si,Si,Si,Si,No,0 A 10 LIBROS,Nunca o rara vez comemos eso,1 o 2 veces por semana,Nunca o rara vez comemos eso,Mejor,30 minutos o menos,30 minutos o menos,Entre 21 y 30 horas,"Si, en efectivo",078832,376520000089,COL COLOMBIA,MIXTO,NO OFICIAL,B,N,ACADÉMICO,376520000089,COL COLOMBIA,S,URBANO,MAÑANA,76520,PALMIRA,76,VALLE,N,76520,PALMIRA,VALLE,76,51,24,3,46,26,2,39,11,1,50,34,2,35,7,A-,228,21,46.267395,NSE2,PUBLICAR,NO
TI,COLOMBIA,M,23/07/2000,20181,SB11201810024360,ESTUDIANTE,COLOMBIA,No,Ninguno,N/A,N/A,N/A,N/A,N/A,N/A,ANTIOQUIA,5,MEDELLÍN,05001,Estrato 6,3 a 4,Tres,Educación profesional completa,Educación profesional incompleta,"Trabaja como profesional (por ejemplo médico, abogado, ingeniero)","Trabaja en el hogar, no trabaja o estudia",Si,Si,Si,Si,Si,Si,No,Si,MÁS DE 100 LIBROS,3 a 5 veces por semana,Todos o casi todos los días,1 o 2 veces por semana,Igual,30 minutos o menos,Más de 3 horas,0,No,142661,405607000476,COLEGIO GIMNASIO VERMONT,MIXTO,NO OFICIAL,B,-,ACADÉMICO,405607000476,COLEGIO GIMNASIO VERMONT,S,RURAL,COMPLETA,5607,RETIRO,5,ANTIOQUIA,N,5001,MEDELLÍN,ANTIOQUIA,5,71,86,4,77,94,4,67,77,3,70,83,3,77,74,B1,358,86,67.125221,NSE4,PUBLICAR,NO
TI,COLOMBIA,M,20/10/2000,20181,SB11201810036995,ESTUDIANTE,COLOMBIA,No,Ninguno,N/A,N/A,N/A,N/A,N/A,N/A,BOGOTA,11,BOGOTÁ D.C.,11001,Estrato 2,1 a 2,Dos,Educación profesional completa,Secundaria (Bachillerato) completa,Pensionado,No sabe,Si,Si,Si,Si,No,No,No,No,0 A 10 LIBROS,1 o 2 veces por semana,1 o 2 veces por semana,Nunca o rara vez comemos eso,Peor,30 minutos o menos,30 minutos o menos,0,No,074518,311001091587,COL TRIANGULO PALOQUEMAO,MIXTO,NO OFICIAL,A,N,ACADÉMICO,311001091587,COL TRIANGULO PALOQUEMAO,S,URBANO,NOCHE,11001,BOGOTÁ D.C.,11,BOGOTA,N,11001,BOGOTÁ D.C.,BOGOTA,11,49,21,2,52,39,3,59,54,3,52,39,2,50,31,A1,264,37,52.6255,NSE3,PUBLICAR,NO
TI,COLOMBIA,M,25/12/2000,20181,SB11201810030499,ESTUDIANTE,COLOMBIA,No,Ninguno,N/A,N/A,N/A,N/A,N/A,N/A,BOGOTA,11,BOGOTÁ D.C.,11001,Estrato 2,1 a 2,Dos,Educación profesional completa,Técnica o tecnológica completa,No sabe,Es vendedor o trabaja en atención al público,Si,Si,Si,Si,Si,No,No,No,26 A 100 LIBROS,3 a 5 veces por semana,3 a 5 veces por semana,Todos o casi todos los días,Igual,-,Más de 3 horas,0,No,106625,311001105944,BTO DE ADULTOS UNAD,MIXTO,NO OFICIAL,A,N,ACADÉMICO,311001105944,BTO DE ADULTOS UNAD,S,URBANO,NOCHE,11001,BOGOTÁ D.C.,11,BOGOTA,N,11001,BOGOTÁ D.C.,BOGOTA,11,68,74,4,60,54,3,64,66,3,68,79,3,76,72,B1,329,69,58.891441,NSE3,PUBLICAR,NO
TI,COLOMBIA,M,27/06/2000,20181,SB11201810031394,ESTUDIANTE,COLOMBIA,No,Ninguno,N/A,N/A,N/A,N/A,N/A,N/A,VALLE,76,CALI,76001,Estrato 3,3 a 4,Dos,Secundaria (Bachillerato) incompleta,Secundaria (Bachillerato) incompleta,No sabe,"Trabaja en el hogar, no trabaja o estudia",Si,Si,Si,No,No,No,No,No,26 A 100 LIBROS,3 a 5 veces por semana,Todos o casi todos los días,3 a 5 veces por semana,Igual,No leo por entretenimiento,Entre 1 y 3 horas,0,"Si, en efectivo",100461,376001041602,CENTRO DE ESTUDIOS PARA LOS SISTEMAS DE INFORMACION CESI,MIXTO,NO OFICIAL,B,N,ACADÉMICO,376001041602,CENTRO DE ESTUDIOS PARA LOS SISTEMAS DE INFORMACION CESI - SEDE PRINCIPAL,S,URBANO,MAÑANA,76001,CALI,76,VALLE,N,76001,CALI,VALLE,76,49,20,2,29,3,1,39,11,1,39,13,1,39,13,A-,195,9,50.570053,NSE2,PUBLICAR,NO
TI,COLOMBIA,F,28/09/2001,20181,SB11201810001878,ESTUDIANTE,COLOMBIA,No,Ninguno,N/A,N/A,N/A,N/A,N/A,N/A,VALLE,76,CALI,76001,Estrato 3,3 a 4,Tres,Educación profesional completa,Técnica o tecnológica completa,"Es dueño de un negocio grande, tiene un cargo de nivel directivo o gerencial","Trabaja en el hogar, no trabaja o estudia",Si,No,Si,No,No,No,Si,No,0 A 10 LIBROS,1 o 2 veces por semana,1 o 2 veces por semana,1 o 2 veces por semana,Igual,30 minutos o menos,30 minutos o menos,0,No,017095,376001001558,COLEGIO LOS ANGELES SAN FERNANDO,MIXTO,NO OFICIAL,B,N,ACADÉMICO,376001001558,COLEGIO LOS ANGELES SAN FERNANDO,S,URBANO,COMPLETA,76001,CALI,76,VALLE,N,76001,CALI,VALLE,76,63,60,3,46,26,2,51,35,2,52,39,2,66,56,A2,270,40,50.157509,NSE2,PUBLICAR,NO
TI,COLOMBIA,F,11/09/2002,20181,SB11201810013986,ESTUDIANTE,COLOMBIA,No,Ninguno,N/A,N/A,N/A,N/A,N/A,N/A,VALLE,76,CALI,76001,Estrato 3,3 a 4,Tres,No sabe,Secundaria (Bachillerato) completa,No sabe,No sabe,Si,Si,Si,Si,Si,No,Si,No,26 A 100 LIBROS,3 a 5 veces por semana,Todos o casi todos los días,Todos o casi todos los días,Igual,Entre 1 y 2 horas,Más de 3 horas,0,No,017129,376001001566,COLEGIO MAYOR ALFEREZ REAL,MIXTO,NO OFICIAL,B,N,ACADÉMICO,376001001566,COLEGIO MAYOR ALFEREZ REAL,S,URBANO,COMPLETA,76001,CALI,76,VALLE,N,76001,CALI,VALLE,76,66,69,4,55,44,3,55,44,2,54,44,2,60,47,A2,288,48,57.326241,NSE3,PUBLICAR,NO
CC,COLOMBIA,F,28/11/1998,20181,SB11201810000405,ESTUDIANTE,COLOMBIA,No,Ninguno,N/A,N/A,N/A,N/A,N/A,N/A,BOGOTA,11,BOGOTÁ D.C.,11001,Estrato 3,3 a 4,Tres,Educación profesional completa,Educación profesional completa,"Trabaja como profesional (por ejemplo médico, abogado, ingeniero)","Trabaja como profesional (por ejemplo médico, abogado, ingeniero)",Si,Si,Si,Si,Si,Si,No,No,MÁS DE 100 LIBROS,1 o 2 veces por semana,Todos o casi todos los días,3 a 5 veces por semana,Mejor,30 minutos o menos,Entre 1 y 3 horas,0,No,019497,311848000936,COL SANTA MARIA,FEMENINO,NO OFICIAL,B,S,ACADÉMICO,311848000936,COL SANTA MARIA,S,URBANO,COMPLETA,11001,BOGOTÁ D.C.,11,BOGOTA,N,11001,BOGOTÁ D.C.,BOGOTA,11,67,72,4,64,66,3,63,65,3,71,86,4,86,95,B+,339,75,69.359215,NSE4,PUBLICAR,NO
CC,COLOMBIA,M,19/04/1999,20181,SB11201810009141,ESTUDIANTE,COLOMBIA,No,Ninguno,N/A,N/A,N/A,N/A,N/A,N/A,BOGOTA,11,BOGOTÁ D.C.,11001,Estrato 6,5 a 6,Cuatro,Educación profesional completa,Educación profesional completa,"Trabaja en el hogar, no trabaja o estudia","Es dueño de un negocio pequeño (tiene pocos empleados o no tiene, por ejemplo tienda, papelería, etc",Si,Si,No,Si,No,Si,No,Si,MÁS DE 100 LIBROS,Todos o casi todos los días,Todos o casi todos los días,Todos o casi todos los días,Mejor,No leo por entretenimiento,Entre 1 y 3 horas,Menos de 10 horas,"Si, en efectivo y especie",019364,311848001011,COL ANGLO COLOMBIANO,MIXTO,NO OFICIAL,B,S,ACADÉMICO,311848001011,COL ANGLO COLOMBIANO,S,URBANO,COMPLETA,11001,BOGOTÁ D.C.,11,BOGOTA,N,11001,BOGOTÁ D.C.,BOGOTA,11,62,55,3,76,91,4,61,59,3,71,86,4,84,89,B+,344,78,58.876053,NSE3,PUBLICAR,NO
CC,COLOMBIA,M,16/08/1999,20181,SB11201810018552,ESTUDIANTE,COLOMBIA,No,Ninguno,N/A,N/A,N/A,N/A,N/A,N/A,VALLE,76,CALI,76001,Estrato 3,1 a 2,Dos,Postgrado,Educación profesional completa,"Trabaja como profesional (por ejemplo médico, abogado, ingeniero)","Trabaja como profesional (por ejemplo médico, abogado, ingeniero)",Si,Si,Si,Si,Si,Si,No,Si,0 A 10 LIBROS,Todos o casi todos los días,Todos o casi todos los días,3 a 5 veces por semana,Igual,No leo por entretenimiento,Entre 1 y 3 horas,Entre 11 y 20 horas,"Si, en efectivo",199398,376001005596,COL NTRA SRA DE LA ANUNCIACION,FEMENINO,NO OFICIAL,B,N,TÉCNICO,376001005596,COL NTRA SRA DE LA ANUNCIACION,S,URBANO,COMPLETA,76001,CALI,76,VALLE,N,76001,CALI,VALLE,76,65,67,3,61,57,3,62,61,3,55,46,2,58,44,A2,303,55,71.453667,NSE4,PUBLICAR,NO
CC,COLOMBIA,F,22/11/1999,20181,SB11201810005826,ESTUDIANTE,COLOMBIA,No,Ninguno,N/A,N/A,N/A,N/A,N/A,N/A,VALLE,76,CALI,76001,Estrato 3,3 a 4,Tres,Educación profesional completa,Educación profesional completa,"Tiene un trabajo de tipo auxiliar administrativo (por ejemplo, secretario o asistente)","Tiene un trabajo de tipo auxiliar administrativo (por ejemplo, secretario o asistente)",Si,Si,Si,Si,Si,Si,No,No,0 A 10 LIBROS,1 o 2 veces por semana,3 a 5 veces por semana,1 o 2 veces por semana,Igual,30 minutos o menos,Entre 1 y 3 horas,Menos de 10 horas,"Si, en efectivo",016741,376001001221,COL BOLIVAR,MIXTO,NO OFICIAL,B,S,ACADÉMICO,376001001221,COL BOLIVAR,S,URBANO,COMPLETA,76001,CALI,76,VALLE,N,76001,CALI,VALLE,76,62,55,3,59,52,3,67,75,3,67,76,3,84,89,B+,327,68,57.983383,NSE3,PUBLICAR,NO
